"teamMemberCount","femaleTeamMembersPercent","teamLeadGender","teamDistribution","teamMemberResponseCount","meetingHoursTotal","meetingHoursAverage","meetingHoursStandardDeviation","inPersonMeetingHoursTotal","inPersonMeetingHoursAverage","inPersonMeetingHoursStandardDeviation","nonCodingDeliverablesHoursTotal","nonCodingDeliverablesHoursAverage","nonCodingDeliverablesHoursStandardDeviation","codingDeliverablesHoursTotal","codingDeliverablesHoursAverage","codingDeliverablesHoursStandardDeviation","helpHoursTotal","helpHoursAverage","helpHoursStandardDeviation","averageResponsesByWeek","standardDeviationResponsesByWeek","averageMeetingHoursTotalByWeek","standardDeviationMeetingHoursTotalByWeek","averageMeetingHoursAverageByWeek","standardDeviationMeetingHoursAverageByWeek","averageInPersonMeetingHoursTotalByWeek","standardDeviationInPersonMeetingHoursTotalByWeek","averageInPersonMeetingHoursAverageByWeek","standardDeviationInPersonMeetingHoursAverageByWeek","averageNonCodingDeliverablesHoursTotalByWeek","standardDeviationNonCodingDeliverablesHoursTotalByWeek","averageNonCodingDeliverablesHoursAverageByWeek","standardDeviationNonCodingDeliverablesHoursAverageByWeek","averageCodingDeliverablesHoursTotalByWeek","standardDeviationCodingDeliverablesHoursTotalByWeek","averageCodingDeliverablesHoursAverageByWeek","standardDeviationCodingDeliverablesHoursAverageByWeek","averageHelpHoursTotalByWeek","standardDeviationHelpHoursTotalByWeek","averageHelpHoursAverageByWeek","standardDeviationHelpHoursAverageByWeek","averageResponsesByStudent","standardDeviationResponsesByStudent","averageMeetingHoursTotalByStudent","standardDeviationMeetingHoursTotalByStudent","averageMeetingHoursAverageByStudent","standardDeviationMeetingHoursAverageByStudent","averageInPersonMeetingHoursTotalByStudent","standardDeviationInPersonMeetingHoursTotalByStudent","averageInPersonMeetingHoursAverageByStudent","standardDeviationInPersonMeetingHoursAverageByStudent","averageNonCodingDeliverablesHoursTotalByStudent","standardDeviationNonCodingDeliverablesHoursTotalByStudent","averageNonCodingDeliverablesHoursAverageByStudent","standardDeviationNonCodingDeliverablesHoursAverageByStudent","averageCodingDeliverablesHoursTotalByStudent","standardDeviationCodingDeliverablesHoursTotalByStudent","averageCodingDeliverablesHoursAverageByStudent","standardDeviationCodingDeliverablesHoursAverageByStudent","averageHelpHoursTotalByStudent","standardDeviationHelpHoursTotalByStudent","averageHelpHoursAverageByStudent","standardDeviationHelpHoursAverageByStudent","commitCount","uniqueCommitMessageCount","uniqueCommitMessagePercent","commitMessageLengthTotal","commitMessageLengthAverage","commitMessageLengthStandardDeviation","averageCommitCountByWeek","standardDeviationCommitCountByWeek","averageUniqueCommitMessageCountByWeek","standardDeviationUniqueCommitMessageCountByWeek","averageUniqueCommitMessagePercentByWeek","standardDeviationUniqueCommitMessagePercentByWeek","averageCommitMessageLengthTotalByWeek","standardDeviationCommitMessageLengthTotalByWeek","averageCommitCountByStudent","standardDeviationCommitCountByStudent","averageUniqueCommitMessageCountByStudent","issueCount","onTimeIssueCount","lateIssueCount","SE Process grade"
"7","0","0","0","28","73","2.607143","0.929258","72.5","2.589286","1.203073","74","2.642857","2.008274","18","0.642857","1.100788","24","0.857143","1.499149","9.3333","2.624669","24.333333","8.339997","2.565934","0.14668","24.166667","6.381397","2.60119","0.195796","24.666667","13.767918","2.479396","0.719258","6","3.488075","0.654762","0.43676","8","1.632993","0.875458","0.095097","4","0","10.428571","3.211904","2.607143","0.802976","10.357143","3.952524","2.589286","0.988131","10.571429","6.236005","2.642857","1.559001","2.571429","2.51323","0.642857","0.628308","3.428571","5.703561","0.857143","1.42589","71","35","0.493","1421","20.0141","26.125641","35.5","3.5","18","1","0.50925","0.02205","710.5","169.5","14.2","10.57166","7.6","1","1","0","F"
"7","0.2857","0","0","27","62.5","2.314815","0.654729","42","1.555556","0.458123","72.5","2.685185","2.220061","26","0.962963","1.875406","15","0.555556","0.698323","6.75","3.63146","15.625","9.416574","2.212256","0.256435","10.5","6.422616","1.413961","0.263222","18.125","11.749335","2.688718","0.465211","6.5","4.5","0.789367","0.613682","3.75","2.015564","0.662541","0.252658","3.8571","0.638877","8.928571","2.833833","2.288095","0.499183","6","1.690309","1.554762","0.334725","10.357143","7.074675","2.67619","1.843088","3.714286","4.025429","1.059524","1.262017","2.142857","1.976908","0.55119","0.507922","10","5","0.5","140","14","9.591663","5","1","3","1","0.58335","0.08335","70","33","5","3","2.5","1","1","0","A"
"6","0","0","0","22","44.5","2.022727","0.438937","41.5","1.886364","0.475103","72.5","3.295455","2.648581","19","0.863636","1.908008","15","0.681818","1.028519","7.3333","1.885618","14.833333","4.588633","2.005556","0.247331","13.833333","4.588633","1.861111","0.257601","24.166667","8.289887","3.383333","1.304337","6.333333","4.189935","0.944444","0.749485","5","2.483277","0.644444","0.149278","3.6667","0.471405","7.416667","1.426437","2.006944","0.177457","6.916667","1.742045","1.854167","0.2719","12.083333","9.602155","3.118056","2.316958","3.166667","4.089281","0.798611","1.0179","2.5","3.651484","0.645833","0.908343","67","53","0.791","2214","33.0448","34.961144","16.75","9.601432","14","8.660254","0.865675","0.135758","553.5","322.88117","11.1667","4.740488","9.1667","1","1","0","A"
"6","0","0","0","24","72.5","3.020833","1.372947","32.5","1.354167","0.549226","37.5","1.5625","0.807678","11.5","0.479167","0.699392","19.5","0.8125","0.626041","6","3.24037","18.125","11.907849","2.78631","1.008932","8.125","4.95448","1.276786","0.350269","9.375","5.492893","1.541667","0.29756","2.875","2.654595","0.349405","0.311775","4.875","3.612046","0.852976","0.407478","4","0.57735","12.083333","2.008662","3.055556","0.515201","5.416667","0.731247","1.373611","0.218921","6.25","2.268443","1.544444","0.408437","1.916667","2.129489","0.475","0.535218","3.25","1.145644","0.819444","0.282256","52","45","0.8654","1567","30.1346","23.817438","13","18.506756","11.25","16.037066","0.904175","0.10433","391.75","591.820232","10.4","14.388885","9","1","1","0","A"
"6","0","0","0","20","50","2.5","2.504995","45","2.25","1.269843","69","3.45","2.801339","60.5","3.025","3.480212","16.5","0.825","0.779022","5","2.828427","12.5","10.24085","2.066667","0.893495","11.25","8.340414","1.927778","0.742057","17.25","10.0592","3.05","1.359228","15.125","12.461817","2.258333","1.426023","4.125","2.274176","0.780556","0.214789","3.3333","0.942809","8.333333","4.570436","2.375","0.954703","7.5","3.730505","2.125","0.703414","11.5","9.19692","3.041667","2.133154","10.083333","8.974114","2.666667","2.158639","2.75","2.734807","0.75","0.645497","21","16","0.7619","451","21.4762","18.965179","7","7.788881","6","6.377042","0.94443333","0.078583","150.3333","163.099833","5.25","2.947457","4.25","1","1","0","F"
"6","0.1667","0","0","25","62","2.48","0.854166","28.5","1.14","0.5004","64","2.56","1.409397","20","0.8","1.385641","16.75","0.67","0.709648","6.25","3.897114","15.5","10.179637","2.364583","0.296646","7.125","4.477374","1.114583","0.136216","16","9.253378","2.885417","0.721312","5","3.391165","0.6875","0.534812","4.1875","3.829878","0.53125","0.230818","4.1667","0.372678","10.333333","3.077698","2.45","0.550568","4.75","1.574537","1.120833","0.262368","10.666667","4.955356","2.516667","1.047484","3.333333","3.036811","0.783333","0.722649","2.791667","1.981249","0.6625","0.475164","46","26","0.5652","1612","35.0435","36.366466","46","0","26","0","0.5652","0","1612","0","11.5","15.370426","7.25","1","0","1","F"
"6","0.1667","0","0","23","72","3.130435","1.752125","39.9","1.734783","1.075259","68.5","2.978261","2.57276","28","1.217391","1.869818","26.5","1.152174","1.709531","5.75","1.785357","18","6.354133","3.166667","0.482327","9.975","3.788387","1.710417","0.193234","17.125","5.152366","3.609375","2.391998","7","1.457738","1.463542","0.891508","6.625","4.587687","1.182292","0.729371","3.8333","0.687184","12","5.737305","3.090278","1.278476","6.65","2.178493","1.773056","0.661872","11.416667","7.362159","2.875","1.320906","4.666667","3.72678","1.122222","0.74794","4.416667","4.066291","1.180556","1.018824","29","21","0.7241","586","20.2069","19.012481","7.25","6.759253","5.5","4.153312","0.902775","0.168399","146.5","132.122103","9.6667","4.189935","7.3333","1","1","0","A"
"3","0","0","1","12","55.85","4.654167","12.174281","43.3","3.608333","7.970514","67.5","5.625","12.014531","4","0.333333","0.513701","7.75","0.645833","0.862762","3","1.414214","13.9625","18.739576","4.635833","6.234101","10.825","13.18017","3.598333","4.369987","16.875","16.421689","12.741667","18.625332","1","0.935414","0.416667","0.381881","1.9375","1.57495","0.604167","0.365029","4","0.816497","18.616667","20.782458","5.9125","7.132985","14.433333","12.784452","4.411111","4.541197","22.5","17.40091","5.234722","3.153886","1.333333","1.885618","0.266667","0.377124","2.583333","2.383392","0.6125","0.605788","3","2","0.6667","26","8.6667","6.599663","3","0","2","0","0.6667","0","26","0","1.5","0.5","1","2","1","1","F"
"3","0","0","1","10","19.2","1.92","0.983667","18.5","1.85","1.025914","17.9","1.79","1.066255","7.4","0.74","1.252358","2.65","0.265","0.379506","3.3333","0.471405","6.4","3.047403","1.836111","0.597074","6.166667","3.064129","1.763889","0.608898","5.966667","0.368179","1.836111","0.330567","2.466667","1.517308","0.738889","0.489961","0.883333","0.476678","0.255556","0.121969","3.3333","0.471405","6.4","3.047403","1.836111","0.597074","6.166667","3.091206","1.763889","0.623919","5.966667","2.206556","1.908333","0.847737","2.466667","3.488393","0.616667","0.872098","0.883333","0.833","0.276389","0.28383","1","1","1","29","29","0","1","0","1","0","1","0","29","0","1","0","1","1","1","0","F"
"3","0","0","1","13","64","4.923077","1.140954","37","2.846154","0.863459","59","4.538462","2.790516","39.5","3.038462","4.765507","22","1.692308","0.821314","3.25","1.785357","16","10.677078","4.333333","1.374369","9.25","4.968652","2.75","0.493007","14.75","8.613217","4.708333","0.852895","9.875","8.414088","2.75","2.760083","5.5","4.031129","1.5","0.372678","4.3333","0.471405","21.333333","2.054805","4.983333","0.753142","12.333333","3.091206","2.85","0.715309","19.666667","1.699673","4.55","0.147196","13.166667","11.286669","2.808333","2.145376","7.333333","2.494438","1.666667","0.471405","14","10","0.7143","256","18.2857","22.105037","3.5","1.802776","3","1.414214","0.895825","0.108258","64","51.975956","4.6667","4.496913","3.6667","4","3","1","F"
"3","0","0","1","9","31","3.444444","0.496904","31","3.444444","0.496904","34","3.777778","1.617802","5","0.555556","0.437445","9","1","0.666667","3","0.816497","10.333333","2.494438","3.472222","0.171234","10.333333","2.494438","3.472222","0.171234","11.333333","2.054805","3.888889","0.437445","1.666667","0.62361","0.541667","0.058926","3","1.632993","0.916667","0.311805","3","0.816497","10.333333","3.299832","3.388889","0.283279","10.333333","3.299832","3.388889","0.283279","11.333333","6.01849","3.555556","1.701488","1.666667","0.942809","0.583333","0.311805","3","1.632993","1.027778","0.501541","28","6","0.2143","74","2.6429","6.607432","9.3333","9.104334","3","1.632993","0.6091","0.315519","24.6667","24.458582","7","5","2.25","1","1","0","F"
"7","0.1429","0","0","34","77.142857","2.268908","2.221319","52.714286","1.55042","1.085051","84.714286","2.491597","2.47566","54.642857","1.607143","2.014706","41.871429","1.231513","1.651509","6.8","2.638181","15.428571","12.226101","2.001299","1.029643","10.542857","6.784977","1.470455","0.747841","16.942857","13.316431","2.174026","1.089646","10.928571","4.827641","1.639286","0.470887","8.374286","5.514688","1.17276","0.603269","4.8571","0.832993","11.020408","6.99997","2.333333","1.449399","7.530612","1.996665","1.594558","0.477301","12.102041","10.060376","2.519048","1.997246","7.806122","7.408402","1.563946","1.459848","5.981633","3.697251","1.268435","0.773172","103","55","0.534","4108","39.8835","62.076574","34.3333","42.897811","18.3333","22.395436","0.5921","0.112167","1369.3333","1674.553141","20.6","22.05085","11.6","1","1","0","A"
"7","0.1429","0","0","34","60.571429","1.781513","0.915552","36.857143","1.084034","0.677748","69.785714","2.052521","1.927817","27.571429","0.810924","1.382353","54.785714","1.611345","1.971082","6.8","2.4","12.114286","6.360208","1.778404","0.521341","7.371429","2.457143","1.157347","0.390365","13.957143","6.392534","2.090891","0.576794","5.514286","1.000408","0.931521","0.433274","10.957143","4.523769","1.69115","0.57863","4.8571","0.989743","8.653061","3.969348","1.709524","0.506588","5.265306","1.853495","1.093197","0.311354","9.969388","8.510999","1.912925","1.311252","3.938776","4.652882","0.682993","0.770033","7.826531","8.819527","1.456122","1.39887","17","6","0.3529","273","16.0588","15.244944","8.5","2.5","3.5","2.5","0.3561","0.1894","136.5","136.5","8.5","2.5","3.5","1","1","0","F"
"6","0.1667","0","0","29","124","4.275862","4.642512","87","3","1.795092","94","3.241379","3.934058","41","1.413793","1.821395","44.928571","1.549261","1.552107","5.8","2.481935","24.8","12.687001","4.252857","2.244684","17.4","8.59302","2.891429","1.052212","18.8","11.496086","3.324286","2.150233","8.2","5.192302","1.555714","0.819661","8.985714","5.877387","1.392857","0.659096","4.8333","0.372678","20.666667","15.41372","4.291667","3.085952","14.5","6.679113","2.991667","1.303113","15.666667","12.670783","3.2","2.497945","6.833333","2.548064","1.441667","0.593995","7.488095","3.967216","1.580952","0.864873","68","55","0.8088","3139","46.1618","46.177602","13.6","6.374951","11.6","5.161395","0.8867","0.135238","627.8","242.343888","13.6","7.144228","11.2","1","1","0","A"
"3","0.3333","1","1","13","50.142857","3.857143","2.128977","33.285714","2.56044","1.434981","30.857143","2.373626","0.84265","20.285714","1.56044","1.434981","31.857143","2.450549","2.205426","2.6","1.356466","10.028571","5.65209","3.701905","1.155202","6.657143","4.428664","2.370476","1.096514","6.171429","3.47281","2.244762","0.864988","4.057143","3.109695","1.457143","0.455354","6.371429","4.663886","2.264762","1.312001","4.3333","1.699673","16.714286","6.667007","4.252381","1.47156","11.095238","3.692856","2.838095","0.902403","10.285714","2.443929","2.614286","0.626729","6.761905","5.382427","1.393651","0.702886","10.619048","4.86041","2.936508","1.63546","44","23","0.5227","995","22.6136","25.212024","14.6667","7.717225","8","4.082483","0.61193333","0.175965","331.6667","209.781368","11","7.968689","6.25","3","3","0","A"
"4","0","0","1","11","30","2.727273","2.489648","11","1","0","15.5","1.409091","1.635101","8.6","0.781818","2.287046","6","0.545455","0.449977","2.75","1.47902","7.5","4.330127","3.216667","2.24518","2.75","1.47902","1","0","3.875","2.459039","1.891667","1.342339","2.15","3.666402","1.0675","1.837435","1.5","0.935414","0.5","0.353553","3.6667","0.471405","10","3.741657","2.666667","0.772802","3.666667","0.471405","1","0","5.166667","1.840894","1.430556","0.488684","2.866667","3.63807","0.716667","0.909518","2","1.47196","0.513889","0.354099","37","31","0.8378","993","26.8378","19.754594","9.25","7.949057","8.25","7.048936","0.934525","0.070186","248.25","247.006452","6.1667","8.070867","5.3333","3","1","2","F"
"4","0.25","0","1","14","25.035714","1.788265","1.186257","15.714286","1.122449","0.410326","51.857143","3.704082","2.520326","18.428571","1.316327","2.408531","8.857143","0.632653","1.097307","2.8","1.720465","5.007143","3.990192","1.703571","0.877345","3.142857","1.977424","1.104762","0.286349","10.371429","6.618835","3.685714","1.858449","3.685714","3.170528","1.542857","1.312715","1.771429","1.187004","0.819048","0.640578","4.6667","1.247219","8.345238","2.101654","1.83254","0.294574","5.238095","1.245855","1.13254","0.051667","17.285714","7.825477","3.626984","1.274841","6.142857","2.626397","1.557143","0.923916","2.952381","4.175297","0.492063","0.695883","233","63","0.2704","3966","17.0215","11.455248","77.6667","72.499808","21.6667","12.552114","0.47583333","0.211601","1322","1176.421693","58.25","57.919664","15.75","1","1","0","F"
"4","0","0","1","13","42.142857","3.241758","1.526879","32.285714","2.483516","1.384615","55.571429","4.274725","2.796871","28.285714","2.175824","3.151031","15.285714","1.175824","0.821314","2.6","0.489898","8.428571","2.10926","3.280952","0.779616","6.457143","1.542328","2.495238","0.425492","11.114286","5.716714","4.190476","1.705467","5.657143","2.84081","2.295238","1.213454","3.057143","0.992215","1.195238","0.457837","4.3333","1.247219","14.047619","3.805355","3.257937","0.058591","10.761905","1.852864","2.579365","0.409788","18.52381","2.49171","4.65873","1.379081","9.428571","7.497845","2.31746","1.901717","5.095238","1.517845","1.22619","0.385513","40","13","0.325","1790","44.75","64.133357","8","6.870226","3.2","3.487119","0.58384","0.362096","358","411.843174","10","5.612486","3.25","3","2","1","F"
"5","0.2","1","0","23","27.142857","1.180124","0.61947","31.285714","1.360248","1.111463","48.892857","2.125776","1.251747","12.714286","0.552795","1.150327","18.142857","0.78882","0.583322","4.6","0.8","5.428571","2.132834","1.219048","0.479805","6.257143","2.68465","1.371429","0.511421","9.778571","4.697611","2.135714","0.891204","2.542857","1.233545","0.615238","0.410546","3.628571","1.447306","0.805714","0.298787","4.6","0.8","5.428571","2.207594","1.146667","0.36493","6.257143","3.200956","1.327619","0.573974","9.778571","4.400626","2.016667","0.778973","2.542857","3.119916","0.638095","0.759186","3.628571","1.769584","0.794286","0.339219","30","29","0.9667","1059","35.3","29.595214","7.5","4.330127","7.25","4.023369","0.980775","0.033299","264.75","195.536921","10","7.788881","9.6667","4","3","1","F"
"5","0.2","1","0","29","45","1.551724","0.637698","38.714286","1.334975","0.675721","33","1.137931","0.856881","11.428571","0.394089","0.597756","17.214286","0.593596","0.558685","5.8","1.16619","9","4.147288","1.515","0.581292","7.742857","3.954228","1.286905","0.54687","6.6","3.679674","1.12","0.604649","2.285714","1.229734","0.377143","0.165023","3.442857","1.482827","0.590238","0.248759","5.8","0.748331","9","2.404078","1.558639","0.383606","7.742857","2.404757","1.335782","0.356789","6.6","1.891765","1.178095","0.402888","2.285714","2.034398","0.41619","0.393917","3.442857","1.658866","0.59381","0.307508","30","28","0.9333","985","32.8333","23.217929","15","14","14","13","0.9655","0.0345","492.5","465.5","7.5","7.088723","7","1","1","0","A"
"5","0","0","0","25","94.142857","3.765714","2.121697","87.857143","3.514286","1.886796","66.285714","2.651429","1.716275","16.214286","0.648571","1.154816","37.714286","1.508571","1.96","5","1.549193","18.828571","7.81503","3.777143","1.389983","17.571429","8.183108","3.497857","1.436147","13.257143","7.987056","2.489286","1.029266","3.242857","2.491455","0.790714","0.634025","7.542857","2.806916","1.623214","0.753275","5","1.549193","18.828571","8.627034","3.741905","1.015281","17.571429","7.148141","3.540952","0.803512","13.257143","6.604049","2.721429","0.988758","3.242857","2.737346","0.568095","0.468484","7.542857","8.016514","1.338095","1.27699","100","64","0.64","2445","24.45","15.817316","20","13.928388","13.4","14.008569","0.6282","0.333694","489","415.89037","20","21.725561","12.8","4","3","1","F"
"6","0","0","0","21","52.214286","2.486395","1.094202","45.714286","2.176871","1.174174","40.857143","1.945578","1.116258","27.714286","1.385714","1.593738","9.142857","0.435374","0.641533","4.2","0.979796","10.442857","5.055286","2.502381","1.095818","9.142857","4.686934","2.152381","0.899527","8.171429","3.31927","2.067857","1.027772","5.542857","3.444487","1.269048","0.72639","1.828571","0.646182","0.432143","0.121031","5.25","0.829156","13.053571","3.202906","2.458631","0.393493","11.428571","3.078895","2.139881","0.380801","10.214286","3.376464","1.906548","0.436788","6.928571","4.350111","1.472024","1.046317","2.285714","1.55429","0.445536","0.272757","15","14","0.9333","527","35.1333","20.632876","7.5","4.5","7","4","0.95835","0.04165","263.5","175.5","5","2.160247","4.6667","3","2","1","F"
"4","0.25","1","0","18","45.857143","2.547619","2.833333","40.428572","2.246032","0.931281","49.285714","2.738095","3.374285","59.785715","3.321429","3.579024","17.428571","0.968254","0.600925","3.6","1.019804","9.171429","3.207644","2.569524","0.492129","8.085714","3.843468","2.281429","0.789001","9.857143","7.408214","2.690952","1.408357","11.957143","7.627501","3.055952","1.598556","3.485714","1.20746","1.081429","0.544539","4.5","0.866025","11.464286","1.322393","2.602381","0.296034","10.107143","4.081285","2.140476","0.63053","12.321429","6.098155","2.997619","1.767935","14.946429","8.890401","3.75119","2.704432","4.357143","1.287697","0.947619","0.14357","32","17","0.5313","867","27.0938","31.447734","10.6667","6.128259","6.3333","3.091206","0.63133333","0.096106","289","69.296465","8","7.035624","4.5","2","1","1","F"
"5","0.6","1","0","30","40.285714","1.342857","0.657436","42","1.4","0.715697","31.957143","1.065238","0.851463","41.057143","1.368571","1.513866","21.957143","0.731905","0.768866","6","1.549193","8.057143","4.714589","1.273651","0.590547","8.4","5.122499","1.315556","0.611075","6.391429","3.93174","1.023175","0.568736","8.211429","2.902896","1.378508","0.440287","4.391429","3.205933","0.676952","0.320363","6","0.632456","8.057143","2.041608","1.32966","0.249422","8.4","2.48325","1.382993","0.339139","6.391429","1.785831","1.10619","0.41723","8.211429","4.729675","1.367619","0.752022","4.391429","2.230907","0.740068","0.37955","48","36","0.75","1158","24.125","13.794058","9.6","16.218508","7.4","11.825396","0.94762","0.10476","231.6","393.589939","12","8.689074","9.5","1","1","0","A"
"7","0.1429","0","0","37","65.785714","1.777992","1.053707","47.428571","1.281853","0.555535","87.5","2.364865","4.767494","30.285714","0.818533","1.304597","36.142857","0.976834","1.064055","7.4","1.356466","13.157143","5.780403","1.72381","0.592925","9.485714","3.6976","1.253968","0.394118","17.5","17.256883","2.125397","1.8205","6.057143","4.310973","0.912698","0.688933","7.228571","3.502302","0.953968","0.395248","5.2857","1.160577","9.397959","3.838173","1.796769","0.643868","6.77551","2.116308","1.264456","0.202877","12.5","10.045886","2.260204","1.570119","4.326531","3.785591","0.835034","0.695339","5.163265","2.78734","1.108844","0.732296","46","12","0.2609","345","7.5","9.025929","23","5","6.5","3.5","0.2619","0.0952","172.5","105.5","15.3333","4.714045","4.6667","0","0","0","A"
"6","0.1667","0","0","31","63.214286","2.039171","0.74648","62.214286","2.006912","0.731697","50.071429","1.615207","1.091305","10.857143","0.35023","0.722393","15.357143","0.495392","0.634181","6.2","1.720465","12.642857","5.433644","2.023413","0.730814","12.442857","5.267033","2.00119","0.734558","10.014286","4.414355","1.598095","0.582734","2.171429","1.022801","0.364921","0.178132","3.071429","2.482592","0.476349","0.346159","5.1667","0.687184","10.535714","1.581004","2.056746","0.297573","10.369048","1.788292","2.015079","0.290003","8.345238","2.172187","1.62619","0.419865","1.809524","1.644754","0.378571","0.406567","2.559524","1.817534","0.51627","0.385759","32","11","0.3438","570","17.8125","16.610308","6.4","7.337575","2.6","2.727636","0.44286","0.071589","114","92.785775","6.4","2.416609","2.6","0","0","0","A"
"7","0.1429","0","0","36","104.571429","2.904762","1.394987","97.285714","2.702381","1.479542","102.214286","2.839286","6.439219","131.5","3.652778","8.443748","33.571429","0.93254","1.201529","7.2","2.56125","20.914286","12.751502","2.654892","1.0209","19.457143","12.700121","2.451082","1.011767","20.442857","16.919099","2.672655","2.283467","26.3","19.727139","3.084228","1.83472","6.714286","4.358665","0.832468","0.41541","5.1429","0.832993","14.938776","4.072848","2.921429","0.745757","13.897959","3.42237","2.720408","0.619046","14.602041","16.215291","2.865306","3.277809","18.785714","30.354298","3.795068","6.080467","4.795918","4.946865","0.919048","0.994589","165","81","0.4909","5270","31.9394","38.860699","33","55.576974","16.8","24.709512","0.81944","0.202619","1054","1917.01445","23.5714","12.315578","12","0","0","0","A"
"6","0.1667","0","0","32","62","1.9375","1.100426","49.071429","1.533482","0.92055","45.714286","1.428571","0.901388","33.285714","1.040179","1.588226","29.785714","0.930804","0.667134","6.4","1.854724","12.4","6.560488","1.828333","0.650077","9.814286","5.334065","1.455635","0.592225","9.142857","4.959427","1.346349","0.540395","6.657143","4.196792","0.965317","0.462921","5.957143","3.270025","0.873651","0.349102","5.3333","0.745356","10.333333","4.953769","1.85129","0.788133","8.178571","3.475314","1.474802","0.517407","7.619048","2.476648","1.405159","0.388157","5.547619","4.185671","0.985714","0.785113","4.964286","3.242403","0.874603","0.562192","6","2","0.3333","148","24.6667","17.913372","2","0.816497","1.3333","0.471405","0.72223333","0.207867","49.3333","44.582009","6","0","2","0","0","0","A"
"7","0.1429","0","0","35","68.142857","1.946939","1.115384","70.142857","2.004082","1.097678","85.642857","2.446939","2.251802","20.5","0.585714","1.064645","36.714286","1.04898","0.755389","7","2.097618","13.628571","9.846412","1.794113","0.867761","14.028571","8.960412","1.881558","0.798892","17.128571","11.257143","2.303333","1.247989","4.1","2.289105","0.56026","0.159299","7.342857","3.958561","1.013593","0.366564","5.8333","0.372678","11.357143","1.644926","1.964286","0.369304","11.690476","1.462494","2.019841","0.335711","14.27381","7.673439","2.426587","1.247568","3.416667","2.464861","0.597619","0.433906","6.119048","2.688052","1.040873","0.431932","29","16","0.5517","525","18.1034","15.54159","9.6667","8.178563","5.3333","5.436502","0.59523333","0.340608","175","180.238731","9.6667","2.867442","5.3333","0","0","0","A"
"5","0.2","0","0","23","50.714286","2.204969","1.093027","35.142857","1.52795","0.758069","39.928571","1.736025","0.908373","17.714286","0.770186","0.750551","12.714286","0.552795","0.662954","4.6","0.8","10.142857","5.648912","2.102381","0.992363","7.028571","4.106143","1.45381","0.734498","7.985714","4.229247","1.658095","0.705067","3.542857","1.426856","0.755714","0.223899","2.542857","1.111719","0.545714","0.221525","4.6","1.854724","10.142857","4.71818","2.320952","0.555554","7.028571","2.409844","1.761905","0.636857","7.985714","3.745038","1.758095","0.302183","3.542857","2.059126","0.654286","0.389285","2.542857","2.744047","0.466667","0.495458","12","8","0.6667","1446","120.5","145.04913","6","4","4","3","0.6","0.1","723","551","4","2.44949","2.6667","0","0","0","A"
"5","0.6","1","0","29","76.285714","2.630542","1.839583","64.071429","2.20936","1.574167","75.571429","2.605911","2.018346","24.428571","0.842365","1.245205","33.357143","1.150246","1.336402","5.8","1.720465","15.257143","8.891821","2.440952","1.101792","12.814286","7.909901","2.048571","1.012921","15.114286","8.892739","2.399683","0.971052","4.885714","2.595758","0.798095","0.295708","6.671429","5.337507","1.03619","0.757587","5.8","0.4","15.257143","6.059164","2.629524","0.992299","12.814286","4.80085","2.192381","0.756029","15.114286","8.50997","2.619048","1.43103","4.885714","5.050278","0.820952","0.836674","6.671429","5.12887","1.135238","0.841555","47","38","0.8085","1279","27.2128","25.930296","9.4","13.365628","7.6","9.789791","0.95","0.1","255.8","390.940098","9.4","8.138796","7.6","0","0","0","A"
"6","0.5","1","0","24","59.928572","2.497024","1.252823","52.000001","2.166667","0.69036","52.214286","2.175595","2.477678","59.285715","2.470238","4.699245","15.65","0.652083","1.419946","6","0","14.982143","4.092793","2.497024","0.682132","13","4.29196","2.166667","0.715327","13.053572","5.030361","2.175595","0.838393","14.821429","6.556174","2.470238","1.092696","3.9125","1.831627","0.652083","0.305271","4","0","9.988095","3.081494","2.497024","0.770374","8.666667","0.725702","2.166667","0.181426","8.702381","5.480394","2.175595","1.370099","9.880952","9.927772","2.470238","2.481943","2.608333","4.181166","0.652083","1.045292","11","6","0.5455","910","82.7273","59.057893","5.5","0.5","3","1","0.53335","0.13335","455","8","5.5","4.5","3","0","0","0","A"
"5","0","0","0","18","58.000001","3.222222","2.07647","46.357143","2.575397","1.172275","46.785715","2.599206","2.465346","40.357143","2.242064","2.991887","24.071429","1.337302","1.274452","4.5","0.5","14.5","7.52767","3.10625","1.348209","11.589286","4.93746","2.491071","0.827668","11.696429","3.641237","2.574107","0.691177","10.089286","7.779056","2.091071","1.490252","6.017857","3.799293","1.273214","0.704873","3.6","0.489898","11.6","2.938346","3.336905","1.077388","9.271429","2.234425","2.603571","0.579722","9.357143","5.823948","2.617857","1.476634","8.071429","5.142857","2.339286","1.600214","4.814286","2.906572","1.366667","0.759162","111","85","0.7658","3709","33.4144","19.985341","27.75","22.686725","21.5","14.534442","0.876775","0.130615","927.25","747.181161","27.75","12.754901","21.25","0","0","0","A"
"5","0.2","0","0","20","47.142858","2.357143","1.116915","46.285715","2.314286","1.061838","47.142858","2.357143","0.792149","17","0.85","2.044963","22.714286","1.135714","0.852936","5","0.707107","11.785714","2.5183","2.34881","0.270495","11.571429","3.797152","2.276786","0.463168","11.785714","3.851186","2.357143","0.642857","4.25","4.308422","0.76875","0.733863","5.678571","2.556255","1.114881","0.378595","4","0","9.428572","2.417622","2.357143","0.604406","9.257143","2.671696","2.314286","0.667924","9.428572","1.509156","2.357143","0.377289","3.4","3.826225","0.85","0.956556","4.542857","2.125453","1.135714","0.531363","65","39","0.6","2966","45.6308","44.211578","21.6667","13.474255","13.3333","10.498677","0.63346667","0.192561","988.6667","533.135588","13","15.912259","7.8","0","0","0","F"
"5","0.4","0","0","15","11.071429","0.738095","0.560258","8.821429","0.588095","0.334996","13.178572","0.878571","1.513458","36.142857","2.409524","6.89412","4","0.266667","0.553775","7.5","3.5","5.535714","1.964286","1.099838","0.775162","4.410714","0.839286","0.818588","0.493912","6.589286","0.839286","1.056412","0.381088","18.071429","12.928571","4.108766","3.641234","2","0","0.340909","0.159091","3","0.632456","2.214286","0.840311","0.816667","0.471861","1.764286","0.67748","0.6","0.221902","2.635714","1.419327","0.880952","0.390723","7.228571","10.544986","3.342857","5.363216","0.8","0.63471","0.25119","0.182123","0","0","0","0","0","0","0","0","0","0","0","0","0","0","0","0","0","2","2","0","F"
"5","0.2","0","0","13","24","1.846154","1.211386","12.142857","0.934066","0.474186","26.142857","2.010989","2.020604","17.642858","1.357143","4.314555","10.857143","0.835165","1.273303","6.5","2.5","12","4","2.444444","1.555556","6.071429","0.928571","1.160714","0.589286","13.071429","5.928571","2.771825","1.978175","8.821429","2.321429","1.431548","0.193452","5.428571","2.571429","1.15873","0.84127","2.6","0.8","4.8","2.478644","1.77381","0.666412","2.428571","0.847566","0.933333","0.197145","5.228571","2.85085","1.992857","1.005191","3.528572","4.012125","1.309524","1.627847","2.171429","1.607127","0.75","0.294508","0","0","0","0","0","0","0","0","0","0","0","0","0","0","0","0","0","1","1","0","A"
"6","0.1667","0","0","18","13.571429","0.753968","0.772302","11","0.611111","0.333333","10.428572","0.579365","1.653886","19.285714","1.071429","1.814082","8.035714","0.446429","0.640095","9","3","6.785714","1.214286","0.89881","0.434524","5.5","1.5","0.75","0.416667","5.214286","1.214286","0.60119","0.065476","9.642857","6.357143","1.470238","1.196429","4.017857","1.232143","0.553571","0.321429","3","0.816497","2.261905","0.620876","0.81746","0.345694","1.833333","0.302109","0.65873","0.230193","1.738095","1.631778","0.553571","0.538035","3.214286","2.440796","1.234127","1.097687","1.339286","0.599656","0.451389","0.200045","0","0","0","0","0","0","0","0","0","0","0","0","0","0","0","0","0","1","1","0","A"
"6","0.1667","1","0","16","18.285715","1.142857","1.618979","13.142857","0.821429","1.087931","18","1.125","0.780625","9.571429","0.598214","2.228193","8","0.5","0.779999","8","4","9.142857","0.857143","1.595238","0.904762","6.571429","0.571429","1.047619","0.452381","9","1","1.583333","0.916667","4.785714","0.214286","0.815476","0.434524","4","1","0.75","0.5","2.6667","1.105542","3.047619","3.239496","0.972222","0.729036","2.190476","1.766404","0.730159","0.378318","3","1.475422","1.125","0.39218","1.595238","2.274402","0.619048","0.986013","1.333333","1.381773","0.456349","0.450218","0","0","0","0","0","0","0","0","0","0","0","0","0","0","0","0","0","1","1","0","A"
"6","0.1667","0","0","20","21.714286","1.085714","0.990896","18","0.9","1.013657","19.821429","0.991071","1.689813","37.571429","1.878571","2.312466","14","0.7","0.869986","10","5","10.857143","0.142857","1.457143","0.742857","9","1","1.133333","0.466667","9.910715","0.660715","1.277381","0.572619","18.785715","2.214285","2.652381","1.547619","7","2","1.066667","0.733333","3.3333","0.942809","3.619048","1.619748","1.047619","0.271731","3","1.63923","0.863095","0.317714","3.303572","2.722712","0.895833","0.639244","6.261905","3.839835","1.797619","0.860773","2.333333","1.208436","0.678571","0.229611","0","0","0","0","0","0","0","0","0","0","0","0","0","0","0","0","0","2","2","0","A"
"6","0.1667","0","0","17","21.357143","1.256303","0.780936","20.785715","1.222689","0.675831","16.857143","0.991597","1.221916","6.214286","0.365546","1.15195","5.392857","0.317227","1.030671","8.5","2.5","10.678572","3.321428","1.501082","0.832251","10.392857","2.607143","1.437229","0.729437","8.428572","2.571428","1.1829","0.650433","3.107143","0.392857","0.415043","0.16829","2.696429","1.553571","0.406115","0.302219","2.8333","0.372678","3.559524","1.053353","1.321429","0.575342","3.464286","0.801519","1.261905","0.396031","2.809524","1.828844","0.972222","0.584574","1.035714","1.192201","0.43254","0.564511","0.89881","1.669608","0.299603","0.556536","0","0","0","0","0","0","0","0","0","0","0","0","0","0","0","0","0","7","5","2","F"
"5","0.4","0","0","13","31.142857","2.395604","0.885451","24","1.846154","1.186711","23.571429","1.813187","1.947537","9.5","0.730769","1.648022","11.571429","0.89011","1.134452","3.25","0.829156","7.785714","3.038024","2.291667","0.523573","6","2.922468","1.77381","0.743595","5.892857","3.190187","1.696429","0.589827","2.375","3.069507","0.635417","0.765678","2.892857","1.307845","0.839286","0.263355","3.25","0.829156","7.785714","0.644838","2.552083","0.634751","6","1.798526","1.886905","0.393533","5.892857","2.696133","1.949405","1.013527","2.375","2.534142","1.041667","1.226869","2.892857","1.647896","1.11756","0.912409","0","0","0","0","0","0","0","0","0","0","0","0","0","0","0","0","0","5","4","1","F"
"3","0","0","1","8","13.428572","1.678571","0.927025","9","1.125","1.198958","16.642857","2.080357","1.210307","10.142857","1.267857","2","1.357143","0.169643","0.242061","2","0.707107","3.357143","2.313448","1.458333","0.623467","2.25","2.789146","0.904762","0.867007","4.160714","1.82414","1.973214","0.510961","2.535714","2.658016","1.190476","0.897843","0.339286","0.408378","0.127976","0.139183","2.6667","0.942809","4.476191","0.673435","1.904762","0.703087","3","1.166424","1.369048","0.749338","5.547619","0.675956","2.232143","0.430304","3.380952","2.876916","1.547619","1.532342","0.452381","0.351543","0.154762","0.1104","9","9","1","318","35.3333","31.155524","3","0.816497","3","0.816497","1","0","106","79.799749","4.5","2.5","4.5","1","0","1","A"
"3","0","0","1","10","41.571429","4.157143","1.220656","28.714286","2.871429","1.854724","27.857143","2.785714","1.854724","9.571429","0.957143","1.345362","16.428572","1.642857","1.752855","2.5","0.5","10.392857","3.117389","4.190476","1.075785","7.178572","2.87561","2.958333","1.344593","6.964286","1.852673","3.02381","1.258193","2.392857","2.39765","0.797619","0.799217","4.107143","1.791775","1.714286","0.932721","3.3333","0.942809","13.857143","2.574073","4.345238","0.72041","9.571429","5.563486","2.833333","1.174174","9.285714","0.764875","3.011905","0.80302","3.190476","0.758923","0.988095","0.149641","5.476191","2.535016","2.059524","1.524832","72","49","0.6806","3781","52.5139","83.630967","18","9.874209","13.25","8.437269","0.70935","0.207495","945.25","651.804179","12","12.274635","8.6667","1","0","1","A"
"3","0.3333","0","1","11","32.857143","2.987013","2.60324","18.714286","1.701299","1.206045","41.714286","3.792208","4.914139","4.285714","0.38961","0.890724","23.428572","2.12987","3.185712","2.75","0.433013","8.214286","3.40093","2.857143","0.949997","4.678571","2.107748","1.678571","0.625765","10.428572","4.308274","4.071429","2.157753","1.071429","1.07618","0.357143","0.358727","5.857143","2.261027","2.339286","1.378937","3.6667","0.471405","10.952381","5.114117","3.202381","1.844816","6.238095","1.583647","1.761905","0.587087","13.904762","8.048605","3.865079","2.090392","1.428571","1.112697","0.43254","0.370432","7.809524","5.483846","2.115079","1.331785","15","7","0.4667","143","9.5333","17.869403","5","3.559026","2.6667","1.699673","0.6111","0.28329","47.6667","63.90792","3","1.67332","1.6","4","2","2","F"
"5","0.2","0","0","25","55.714286","2.228571","1.07629","36.928572","1.477143","0.943186","86.285714","3.451429","2.435077","35.142857","1.405714","4.891789","25.857143","1.034286","0.848528","5","0.632456","11.142857","5.669107","2.158571","0.857409","7.385714","3.750265","1.427143","0.578182","17.257143","7.93","3.398095","1.306494","7.028571","10.023808","1.255714","1.636088","5.171429","2.651761","0.997619","0.389657","5","0","11.142857","2.160877","2.228571","0.432175","7.385714","1.904667","1.477143","0.380933","17.257143","6.514286","3.451429","1.302857","7.028571","11.298691","1.405714","2.259738","5.171429","1.923857","1.034286","0.384771","103","29","0.2816","3655","35.4854","67.084625","25.75","29.046299","7.5","6.726812","0.49095","0.313984","913.75","1362.323819","20.6","12.51559","6.2","1","1","0","A"
"5","0","0","0","25","59.785714","2.391429","2.547469","24.928572","0.997143","0.934666","66.214286","2.648571","3.136622","78.571429","3.142857","4.204759","16.785714","0.671429","0.597997","5","0","11.957143","7.381942","2.391429","1.476388","4.985714","0.912945","0.997143","0.182589","13.242857","6.243298","2.648571","1.24866","15.714286","10.800227","3.142857","2.160045","3.357143","1.745548","0.671429","0.34911","5","0","11.957143","6.064214","2.391429","1.212843","4.985714","0.881094","0.997143","0.176219","13.242857","8.576618","2.648571","1.715324","15.714286","13.650746","3.142857","2.730149","3.357143","1.393864","0.671429","0.278773","58","58","1","2058","35.4828","13.866657","14.5","16.132266","14.5","16.132266","1","0","514.5","607.769076","14.5","21.136461","14.5","1","1","0","A"
"5","0.4","1","0","24","84.5","3.520833","2.181738","68.857143","2.869048","2.430992","74.357143","3.098214","3.481536","86.142857","3.589286","11.925041","34.392857","1.433036","2.802354","4.8","0.4","16.9","6.77399","3.457143","1.255323","13.771429","7.61931","2.831429","1.469372","14.871429","5.666659","3.021429","1.049665","17.228571","27.086046","3.454286","5.412053","6.878571","3.85447","1.401429","0.743384","4.8","0.4","16.9","4.054124","3.53","0.795887","13.771429","3.791074","2.845714","0.662611","14.871429","8.054964","3.194286","1.8483","17.228571","22.05792","4.045714","5.582761","6.878571","7.946235","1.595714","2.012459","264","193","0.7311","9201","34.8523","37.954181","52.8","33.385027","39.4","27.368595","0.76818","0.153104","1840.2","1393.641762","52.8","30.779214","39","1","1","0","A"
"5","0","0","0","25","41.892857","1.675714","1.220492","25.535714","1.021429","0.777432","67.25","2.69","3.092313","27.285714","1.091429","2.849561","15.785714","0.631429","1.072567","5","0","8.378571","2.938971","1.675714","0.587794","5.107143","2.749768","1.021429","0.549954","13.45","8.175985","2.69","1.635197","5.457143","4.554791","1.091429","0.910958","3.157143","1.092087","0.631429","0.218417","5","0","8.378571","2.582674","1.675714","0.516535","5.107143","1.081854","1.021429","0.216371","13.45","5.581109","2.69","1.116222","5.457143","5.86543","1.091429","1.173086","3.157143","3.280244","0.631429","0.656049","38","35","0.9211","1192","31.3684","18.557763","9.5","10.234745","8.75","8.954747","0.972225","0.048108","298","332.384566","9.5","3.905125","8.75","1","1","0","A"
"5","0.2","0","0","22","40.571429","1.844156","1.788392","30.928572","1.405844","1.333957","45.857143","2.084416","2.749906","23.728572","1.078571","3.464546","10.071429","0.457792","0.810889","4.4","1.624808","8.114286","1.834811","2.122857","0.858049","6.185714","1.198298","1.72619","0.913554","9.171429","4.405609","2.087143","0.485774","4.745714","5.271087","0.862476","0.836224","2.014286","1.30884","0.537143","0.427773","4.4","1.2","8.114286","6.486658","1.66","1.03468","6.185714","4.665899","1.275238","0.704249","9.171429","8.633891","1.949524","1.351699","4.745714","2.987845","0.96819","0.528881","2.014286","1.790223","0.411429","0.336105","7","7","1","144","20.5714","8.566665","3.5","0.5","3.5","0.5","1","0","72","15","7","0","7","2","1","1","A"
"5","0.2","0","0","25","34.928572","1.397143","0.974474","26.785714","1.071429","0.96871","34.428572","1.377143","0.992774","16.857143","0.674286","1.918333","18.642857","0.745714","0.538145","5","0","6.985714","2.769513","1.397143","0.553903","5.357143","1.96915","1.071429","0.39383","6.885714","3.04175","1.377143","0.60835","3.371429","3.325351","0.674286","0.66507","3.728571","1.48695","0.745714","0.29739","5","0","6.985714","0.515871","1.397143","0.103174","5.357143","0.781156","1.071429","0.156231","6.885714","1.03569","1.377143","0.207138","3.371429","2.332731","0.674286","0.466546","3.728571","0.70624","0.745714","0.141248","78","65","0.8333","3818","48.9487","42.644595","19.5","19.956202","16.25","17.239127","0.796325","0.084859","954.5","1038.754422","15.6","6.829348","13.4","1","1","0","A"
"5","0.2","0","0","26","45.928572","1.766484","1.571873","42.5","1.634615","0.908743","38.5","1.480769","1.278665","40.5","1.557692","2.641905","26","1","1.038462","5.2","0.4","9.185714","2.179496","1.778571","0.46163","8.5","2.753106","1.664286","0.594293","7.7","1.425998","1.497143","0.332388","8.1","2.90095","1.591429","0.619256","5.2","1.969357","1.021429","0.417671","5.2","0.4","9.185714","2.33063","1.770476","0.461884","8.5","2.48916","1.65619","0.537875","7.7","3.218378","1.488095","0.650627","8.1","8.409373","1.579048","1.693361","5.2","3.729474","1.01","0.753896","20","14","0.7","595","29.75","18.793283","4","3.63318","3","2.607681","0.79546","0.188511","119","85.776454","6.6667","2.624669","4.6667","3","3","0","A"
"5","0.2","1","0","26","88.571429","3.406593","3.175349","75.714286","2.912088","2.907855","64.642857","2.486264","2.697317","62.142857","2.39011","3.36467","27","1.038462","1.44781","5.2","0.979796","17.714286","6.312281","3.526939","1.418737","15.142857","5.408233","3.032041","1.271794","12.928571","4.019341","2.586122","0.970318","12.428571","8.140601","2.417959","1.645202","5.4","1.778328","1.051633","0.339446","5.2","0.4","17.714286","11.035009","3.468571","2.255703","15.142857","9.884641","2.937143","1.998481","12.928571","8.967288","2.497143","1.798671","12.428571","5.519539","2.413333","1.133607","5.4","4.133882","1.027619","0.801905","29","1","0.0345","0","0","0","9.6667","2.357023","1","0","0.10896667","0.022675","0","0","14.5","10.5","1","2","2","0","A"
"6","0.1667","0","0","36","116.571429","3.238095","1.529734","86.857143","2.412698","1.439294","110.928572","3.081349","2.541743","32","0.888889","1.701658","23","0.638889","0.811758","6","0","19.428571","8.860118","3.238095","1.476686","14.476191","8.341119","2.412698","1.390186","18.488095","11.314792","3.081349","1.885799","5.333333","3.986087","0.888889","0.664348","3.833333","1.490712","0.638889","0.248452","6","0","19.428571","3.194117","3.238095","0.532353","14.476191","1.777919","2.412698","0.29632","18.488095","6.38749","3.081349","1.064582","5.333333","4.292587","0.888889","0.715431","3.833333","2.731047","0.638889","0.455174","119","88","0.7395","3899","32.7647","31.788351","23.8","15.328405","17.8","11.249889","0.72858","0.131089","779.8","548.056347","23.8","37.445427","17.6","2","1","1","F"
"6","0.1667","0","0","35","80.214286","2.291837","0.879935","70.428572","2.012245","1.054243","62.5","1.785714","1.526634","31","0.885714","1.319864","26.071429","0.744898","0.926922","5.8333","1.462494","13.369048","4.822075","2.37911","0.777154","11.738095","3.984807","2.098002","0.689433","10.416667","3.866703","1.907738","0.822691","5.166667","3.236081","0.873016","0.567765","4.345238","1.263308","0.783447","0.243238","5.8333","0.372678","13.369048","1.647724","2.29246","0.239915","11.738095","2.868035","1.99127","0.413666","10.416667","3.184362","1.79881","0.565234","5.166667","3.195891","0.890476","0.537765","4.345238","3.319294","0.736905","0.546019","119","57","0.479","2257","18.9664","21.656964","29.75","24.324627","15","8.154753","0.625175","0.174169","564.25","468.698931","23.8","26.588719","12","2","2","0","A"
"6","0.1667","0","0","35","76.5","2.185714","1.00265","66.928572","1.912245","0.988092","64.571429","1.844898","1.462874","54","1.542857","3.057477","23","0.657143","0.803563","5.8333","0.372678","12.75","3.68273","2.197222","0.639402","11.154762","3.361298","1.936905","0.646417","10.761905","3.804461","1.849206","0.635119","9","6.480741","1.544444","1.077835","3.833333","1.312335","0.655556","0.211184","5.8333","0.372678","12.75","4.225318","2.172619","0.664031","11.154762","4.000089","1.906746","0.644047","10.761905","5.125411","1.838095","0.835869","9","10.999072","1.503175","1.830758","3.833333","2.102665","0.643254","0.344198","128","101","0.7891","5189","40.5391","36.113948","21.3333","16.438437","17.3333","14.851113","0.84563333","0.14976","864.8333","836.416048","25.6","24.311314","20.4","1","1","0","A"
"6","0","0","0","35","127.357143","3.638776","1.071333","81.928572","2.340816","0.983953","94.285715","2.693878","1.652456","61.357143","1.753061","2.015552","50.785714","1.45102","1.434701","5.8333","0.372678","21.226191","6.800287","3.659921","1.179309","13.654762","4.576154","2.34246","0.753093","15.714286","5.676063","2.746825","1.134411","10.22619","4.3582","1.776587","0.787696","8.464286","3.549875","1.46627","0.627627","5.8333","0.372678","21.226191","4.213764","3.636905","0.656518","13.654762","3.135385","2.345635","0.521768","15.714286","3.821484","2.705556","0.662539","10.22619","6.900707","1.73373","1.130807","8.464286","4.319264","1.467857","0.754482","66","44","0.6667","1458","22.0909","25.683816","11","10.86278","7.6667","5.217492","0.84721667","0.18268","243","220.615049","11","7.767453","7.3333","2","2","0","A"
"6","0.3333","0","0","36","85.814286","2.38373","0.894233","62","1.722222","0.47365","60.071429","1.668651","1.116912","25.928571","0.720238","0.783092","18.571429","0.515873","0.549972","6","0.57735","14.302381","5.531084","2.43288","0.930334","10.333333","3.693087","1.760317","0.632563","10.011905","4.489484","1.702891","0.752782","4.321429","1.670446","0.745125","0.316475","3.095238","1.247901","0.53305","0.223142","6","0","14.302381","2.140084","2.38373","0.356681","10.333333","1.036467","1.722222","0.172744","10.011905","3.33616","1.668651","0.556027","4.321429","2.891387","0.720238","0.481898","3.095238","2.501247","0.515873","0.416874","42","39","0.9286","1360","32.381","17.539007","8.4","7.964923","7.8","6.88186","0.97392","0.05216","272","259.011197","14","8.640988","13","2","2","0","F"
"3","0","0","1","18","65.285714","3.626984","1.474055","57","3.166667","1.396645","46.357143","2.575397","1.767549","65.857143","3.65873","3.045438","56.5","3.138889","3.87388","3","0","10.880952","4.672555","3.626984","1.557518","9.5","3.785939","3.166667","1.26198","7.72619","3.168836","2.575397","1.056279","10.97619","4.169387","3.65873","1.389796","9.416667","4.066291","3.138889","1.35543","6","0","21.761905","1.150766","3.626984","0.191794","19","0.84112","3.166667","0.140187","15.452381","5.854335","2.575397","0.975723","21.952381","11.333133","3.65873","1.888856","18.833333","19.208517","3.138889","3.201419","92","82","0.8913","4363","47.4239","38.092631","18.4","18.13946","16.6","15.435025","0.95358","0.057752","872.6","1213.142959","18.4","10.892199","16.8","2","2","0","A"
"3","0.3333","0","1","18","36.857143","2.047619","0.970236","30","1.666667","0.704921","36.142857","2.007937","1.856961","17.642857","0.980159","1.57943","7.071429","0.392857","0.754104","3","0.57735","6.142857","2.525045","1.999008","0.543576","5","1.979057","1.659722","0.534903","6.02381","4.714767","1.910714","1.116041","2.940476","2.571566","0.952381","0.849308","1.178571","1.241125","0.344246","0.328235","6","0","12.285714","3.687172","2.047619","0.614529","10","1.578986","1.666667","0.263164","12.047619","3.318334","2.007937","0.553056","5.880952","4.378493","0.980159","0.729749","2.357143","2.612763","0.392857","0.435461","93","43","0.4624","2511","27","27.988477","23.25","23.413404","11.5","12.599603","0.702325","0.314919","627.75","912.981756","18.6","17.624982","9.2","3","3","0","A"
"6","0.3333","1","0","36","98.357143","2.732143","1.50744","83.857143","2.329365","1.301708","97.428572","2.706349","2.444878","81.071429","2.251984","3.340357","24.428571","0.678571","1.016834","6","0.57735","16.392857","8.100427","2.735317","1.329125","13.976191","6.456114","2.34881","1.100989","16.238095","8.527832","2.759921","1.511239","13.511905","11.014092","2.243651","1.810391","4.071429","2.312345","0.678175","0.378565","6","0","16.392857","2.749691","2.732143","0.458282","13.976191","3.454679","2.329365","0.57578","16.238095","7.498035","2.706349","1.249672","13.511905","5.847323","2.251984","0.974554","4.071429","4.386901","0.678571","0.73115","145","93","0.6414","5424","37.4069","36.907432","24.1667","19.28226","16.3333","13.948317","0.75723333","0.261319","904","831.094259","24.1667","16.385122","15.6667","1","1","0","A"
"6","0.3333","1","0","35","75.714286","2.163265","1.134793","63.928572","1.826531","1.0232","63.785714","1.822449","1.058879","18.428572","0.526531","1.810626","18.071429","0.516327","0.829802","5.8333","0.687184","12.619048","5.020141","2.186054","0.82972","10.654762","3.842215","1.840363","0.622394","10.630952","5.467656","1.859977","0.92672","3.071429","1.725657","0.512585","0.257286","3.011905","0.636766","0.522336","0.124084","5.8333","0.372678","12.619048","4.08033","2.175397","0.705497","10.654762","3.701998","1.848016","0.680609","10.630952","2.586075","1.844048","0.518541","3.071429","2.283853","0.528571","0.381943","3.011905","1.940622","0.529762","0.356199","182","111","0.6099","5111","28.0824","58.408836","30.3333","42.07797","19.5","21.967779","0.80365","0.215296","851.8333","1045.003416","30.3333","39.524957","19","1","1","0","A"
"6","0","0","0","36","119.392857","3.316468","6.531175","100.178572","2.782738","6.601194","37.642857","1.045635","1.036003","56.607143","1.572421","3.005846","20.464286","0.568452","0.629919","6","0.57735","19.89881","15.130111","3.322222","2.515878","16.696429","14.773772","2.778373","2.459605","6.27381","2.167092","1.065873","0.42852","9.434524","7.713085","1.573214","1.284029","3.410714","1.606713","0.562897","0.259868","6","0","19.89881","19.466835","3.316468","3.244472","16.696429","20.229589","2.782738","3.371598","6.27381","3.385246","1.045635","0.564208","9.434524","7.763085","1.572421","1.293847","3.410714","1.305364","0.568452","0.217561","73","62","0.8493","3606","49.3973","37.069997","14.6","8.452219","12.6","6.621178","0.89718","0.087724","721.2","307.806693","14.6","13.602941","12.4","1","0","1","F"
"3","0.3333","0","1","16","37.071429","2.316964","1.767491","28.785714","1.799107","1.885129","40.285714","2.517857","2.95738","10.571429","0.660714","2.10561","12.071429","0.754464","1.056509","2.6667","0.471405","6.178571","4.669293","2.214286","1.456863","4.797619","4.679238","1.732143","1.501853","6.714286","6.049681","2.27381","1.982527","1.761905","2.159722","0.65873","0.763103","2.011905","1.745946","0.686508","0.569842","5.3333","0.471405","12.357143","0.477379","2.34127","0.276528","9.595238","1.599674","1.825397","0.404479","13.428571","6.062038","2.630159","1.289731","3.52381","2.622076","0.657143","0.514815","4.02381","1.496405","0.78254","0.329464","61","44","0.7213","1678","27.5082","50.390808","12.2","10.06777","9.2","7.909488","0.84638","0.167627","335.6","315.987721","15.25","7.3951","11.5","1","1","0","A"
"3","0","0","1","12","17.571429","1.464286","0.595119","13.428572","1.119048","0.640095","15.571429","1.297619","1.037492","17.785715","1.482143","1.492458","4.357143","0.363095","0.431003","3","0","4.392857","1.360428","1.464286","0.453476","3.357143","0.457366","1.119048","0.152455","3.892857","0.996806","1.297619","0.332269","4.446429","1.739674","1.482143","0.579891","1.089286","0.28291","0.363095","0.094303","4","0","5.857143","1.461525","1.464286","0.365381","4.476191","0.992032","1.119048","0.248008","5.190476","2.686153","1.297619","0.671538","5.928572","3.16604","1.482143","0.79151","1.452381","1.195703","0.363095","0.298926","10","8","0.8","191","19.1","15.036289","5","0","4","1","0.8","0.2","95.5","37.5","5","1","4","0","0","0","F"
"6","0.1667","0","0","30","38.071429","1.269048","1.336351","25.357143","0.845238","1.339672","60.714286","2.02381","2.011357","21.285714","0.709524","2.899234","22.857143","0.761905","1.436044","6","0","7.614286","1.717616","1.269048","0.286269","5.071429","1.872464","0.845238","0.312077","12.142857","4.301874","2.02381","0.716979","4.257143","4.236286","0.709524","0.706048","4.571429","1.448433","0.761905","0.241406","5","0","6.345238","1.659039","1.269048","0.331808","4.22619","1.379155","0.845238","0.275831","10.119048","5.135853","2.02381","1.027171","3.547619","3.51616","0.709524","0.703232","3.809524","3.807142","0.761905","0.761428","11","6","0.5455","138","12.5455","16.587858","2.75","1.299038","2.25","1.299038","0.8125","0.207289","34.5","35.217183","11","0","6","0","0","0","F"
"5","0.2","1","0","25","47.214286","1.888571","0.82365","34.714286","1.388571","0.82365","40.571429","1.622857","0.991161","22.285714","0.891429","3.050508","28.285714","1.131429","1.203993","5","0","9.442857","3.395195","1.888571","0.679039","6.942857","2.318691","1.388571","0.463738","8.114286","2.524007","1.622857","0.504801","4.457143","6.328039","0.891429","1.265608","5.657143","1.767276","1.131429","0.353455","5","0","9.442857","0.527605","1.888571","0.105521","6.942857","0.483187","1.388571","0.096637","8.114286","0.635032","1.622857","0.127006","4.457143","7.50151","0.891429","1.500302","5.657143","3.670734","1.131429","0.734147","11","9","0.8182","381","34.6364","19.00848","5.5","0.5","4.5","1.5","0.8","0.2","190.5","78.5","5.5","0.5","4.5","0","0","0","A"
"5","0.2","0","0","25","78.857143","3.154286","1.405133","73.142857","2.925714","1.514728","52.357143","2.094286","1.16619","40.857143","1.634286","2.0529","20.428571","0.817143","0.632456","5","0","15.771429","6.834845","3.154286","1.366969","14.628571","6.87652","2.925714","1.375304","10.471429","4.367225","2.094286","0.873445","8.171429","5.83543","1.634286","1.167086","4.085714","2.180807","0.817143","0.436161","5","0","15.771429","2.081208","3.154286","0.416242","14.628571","3.598866","2.925714","0.719773","10.471429","1.466357","2.094286","0.293271","8.171429","3.052466","1.634286","0.610493","4.085714","0.906214","0.817143","0.181243","138","106","0.7681","5732","41.5362","50.667595","27.6","22.357102","21.4","15.679286","0.86138","0.114997","1146.4","973.775046","27.6","18.575252","21.6","0","0","0","A"
"5","0.4","0","0","25","54","2.16","1.232883","28.571429","1.142857","1.414214","35.571429","1.422857","2.568735","49.428572","1.977143","2.666533","15.285714","0.611429","1.155162","5","0","10.8","3.979129","2.16","0.795826","5.714286","4.068796","1.142857","0.813759","7.114286","4.063175","1.422857","0.812635","9.885714","9.85006","1.977143","1.970012","3.057143","1.250632","0.611429","0.250126","5","0","10.8","4.228764","2.16","0.845753","5.714286","2.285714","1.142857","0.457143","7.114286","4.45696","1.422857","0.891392","9.885714","3.145972","1.977143","0.629194","3.057143","3.475395","0.611429","0.695079","2","1","0.5","18","9","0","2","0","1","0","0.5","0","18","0","2","0","1","0","0","0","A"
"5","0","0","0","25","41.428572","1.657143","1.345139","22.857143","0.914286","0.676314","31.928571","1.277143","1.380435","70.642857","2.825714","7.931809","19.964286","0.798571","1.371131","5","0","8.285714","3.037604","1.657143","0.607521","4.571429","1.343351","0.914286","0.26867","6.385714","2.664429","1.277143","0.532886","14.128571","20.582755","2.825714","4.116551","3.992857","2.55015","0.798571","0.51003","5","0","8.285714","4.797108","1.657143","0.959422","4.571429","2.046899","0.914286","0.40938","6.385714","4.153582","1.277143","0.830716","14.128571","15.743505","2.825714","3.148701","3.992857","3.67329","0.798571","0.734658","4","4","1","76","19","6.670832","2","0","2","0","1","0","38","9","4","0","4","0","0","0","A"
"6","0.1667","0","0","29","71.25","2.456897","1.536322","57.714286","1.990148","1.446633","54.642857","1.884236","2.059894","48.714286","1.679803","2.924333","27.814286","0.959113","1.292933","4.8333","0.372678","11.875","3.752083","2.416667","0.676182","9.619048","3.429481","1.963095","0.633321","9.107143","4.830239","1.847619","0.934984","8.119048","9.671972","1.654762","1.921493","4.635714","3.24062","0.941429","0.635918","5.8","0.4","14.25","5.087901","2.428333","0.786983","11.542857","3.967624","1.970476","0.612636","10.928571","4.998367","1.848095","0.797025","9.742857","6.367904","1.650476","1.03836","5.562857","4.866156","0.967143","0.81853","65","60","0.9231","6176","95.0154","146.039667","16.25","9.73075","15.75","8.982622","0.983875","0.027929","1544","1560.601967","13","6.0663","12.2","0","0","0","A"
"7","0","0","0","42","120.714286","2.87415","0.619162","100.928572","2.403061","0.682632","72.357143","1.722789","1.044639","55.5","1.321429","2.714729","28.785714","0.685374","0.700664","7","0","20.119048","6.10908","2.87415","0.872726","16.821429","4.844477","2.403061","0.692068","12.059524","5.173753","1.722789","0.739108","9.25","8.395187","1.321429","1.199312","4.797619","1.64824","0.685374","0.235463","6","0","17.244898","2.156709","2.87415","0.359452","14.418367","1.708506","2.403061","0.284751","10.336735","2.853241","1.722789","0.47554","7.928571","6.716999","1.321429","1.1195","4.112245","3.086191","0.685374","0.514365","144","137","0.9514","6542","45.4306","36.52637","24","15.438048","23","15.726835","0.926","0.062163","1090.3333","740.399142","20.5714","14.509673","19.7143","0","0","0","A"
"5","0","0","0","27","54.142857","2.005291","1.535139","45.214286","1.674603","2.215267","43.857143","1.624339","1.605888","40.857143","1.513228","2.643417","20.214286","0.748677","1.018687","4.5","0.957427","9.02381","4.364682","1.999206","0.776236","7.535714","5.866101","1.625198","0.943104","7.309524","3.811383","1.695238","0.909849","6.809524","8.943765","1.29246","1.455111","3.369048","2.201737","0.733532","0.403867","5.4","1.2","10.828571","4.824597","2.066667","0.813352","9.042857","4.40306","1.95","1.396189","8.771429","6.400638","1.495238","1.027667","8.171429","6.049726","1.966667","2.118892","4.042857","2.661747","0.778571","0.457465","126","120","0.9524","3194","25.3492","15.49773","21","12.543258","20.1667","11.186549","0.9757","0.034886","532.3333","342.183999","31.5","34.853264","30","0","0","0","A"
"6","0.1667","0","0","30","97.785714","3.259524","1.509323","48.464286","1.615476","0.876744","66.714286","2.22381","2.069353","33.571429","1.119048","1.875648","29.107143","0.970238","0.993905","5","0.57735","16.297619","7.330791","3.222024","1.261394","8.077381","3.953622","1.582143","0.656981","11.119048","5.775515","2.214087","1.052275","5.595238","4.250784","1.064881","0.745766","4.85119","2.490579","0.957738","0.43997","6","0","19.557143","4.105347","3.259524","0.684225","9.692857","2.411241","1.615476","0.401873","13.342857","7.673889","2.22381","1.278981","6.714286","6.996646","1.119048","1.166108","5.821429","3.878249","0.970238","0.646375","46","40","0.8696","1440","31.3043","13.588469","9.2","8.304216","8","6.0663","0.952","0.096","288","288.886829","9.2","9.887366","8","0","0","0","A"
"6","0.8333","1","0","32","89.071429","2.783482","0.991664","44.571429","1.392857","0.689627","74.014286","2.312946","1.535005","48.857143","1.526786","2.618295","20.657143","0.645536","0.751814","5.3333","0.471405","14.845238","5.993111","2.735714","0.966681","7.428571","3.082483","1.371825","0.506806","12.335714","5.904937","2.28381","1.036375","8.142857","5.988651","1.461905","0.964945","3.442857","1.333503","0.631349","0.196244","5.3333","1.490712","14.845238","4.509328","2.80754","0.370926","7.428571","2.550177","1.460317","0.416648","12.335714","5.411431","2.33373","0.721112","8.142857","7.023164","1.634921","1.210343","3.442857","2.162922","0.684921","0.371807","138","121","0.8768","6309","45.7174","49.895251","27.6","17.024688","24.8","15.025312","0.92614","0.071142","1261.8","1078.913602","23","20.379728","20.5","0","0","0","A"