"teamMemberCount","femaleTeamMembersPercent","teamLeadGender","teamDistribution","teamMemberResponseCount","meetingHoursTotal","meetingHoursAverage","meetingHoursStandardDeviation","inPersonMeetingHoursTotal","inPersonMeetingHoursAverage","inPersonMeetingHoursStandardDeviation","nonCodingDeliverablesHoursTotal","nonCodingDeliverablesHoursAverage","nonCodingDeliverablesHoursStandardDeviation","codingDeliverablesHoursTotal","codingDeliverablesHoursAverage","codingDeliverablesHoursStandardDeviation","helpHoursTotal","helpHoursAverage","helpHoursStandardDeviation","leadAdminHoursResponseCount","leadAdminHoursTotal","leadAdminHoursAverage","leadAdminHoursStandardDeviation","globalLeadAdminHoursResponseCount","globalLeadAdminHoursTotal","globalLeadAdminHoursAverage","globalLeadAdminHoursStandardDeviation","averageResponsesByWeek","standardDeviationResponsesByWeek","averageMeetingHoursTotalByWeek","standardDeviationMeetingHoursTotalByWeek","averageMeetingHoursAverageByWeek","standardDeviationMeetingHoursAverageByWeek","averageInPersonMeetingHoursTotalByWeek","standardDeviationInPersonMeetingHoursTotalByWeek","averageInPersonMeetingHoursAverageByWeek","standardDeviationInPersonMeetingHoursAverageByWeek","averageNonCodingDeliverablesHoursTotalByWeek","standardDeviationNonCodingDeliverablesHoursTotalByWeek","averageNonCodingDeliverablesHoursAverageByWeek","standardDeviationNonCodingDeliverablesHoursAverageByWeek","averageCodingDeliverablesHoursTotalByWeek","standardDeviationCodingDeliverablesHoursTotalByWeek","averageCodingDeliverablesHoursAverageByWeek","standardDeviationCodingDeliverablesHoursAverageByWeek","averageHelpHoursTotalByWeek","standardDeviationHelpHoursTotalByWeek","averageHelpHoursAverageByWeek","standardDeviationHelpHoursAverageByWeek","averageLeadAdminHoursResponseCountByWeek","standardDeviationLeadAdminHoursResponseCountByWeek","averageLeadAdminHoursTotalByWeek","standardDeviationLeadAdminHoursTotalByWeek","averageGlobalLeadAdminHoursResponseCountByWeek","standardDeviationGlobalLeadAdminHoursResponseCountByWeek","averageGlobalLeadAdminHoursTotalByWeek","standardDeviationGlobalLeadAdminHoursTotalByWeek","averageGlobalLeadAdminHoursAverageByWeek","standardDeviationGlobalLeadAdminHoursAverageByWeek","averageResponsesByStudent","standardDeviationResponsesByStudent","averageMeetingHoursTotalByStudent","standardDeviationMeetingHoursTotalByStudent","averageMeetingHoursAverageByStudent","standardDeviationMeetingHoursAverageByStudent","averageInPersonMeetingHoursTotalByStudent","standardDeviationInPersonMeetingHoursTotalByStudent","averageInPersonMeetingHoursAverageByStudent","standardDeviationInPersonMeetingHoursAverageByStudent","averageNonCodingDeliverablesHoursTotalByStudent","standardDeviationNonCodingDeliverablesHoursTotalByStudent","averageNonCodingDeliverablesHoursAverageByStudent","standardDeviationNonCodingDeliverablesHoursAverageByStudent","averageCodingDeliverablesHoursTotalByStudent","standardDeviationCodingDeliverablesHoursTotalByStudent","averageCodingDeliverablesHoursAverageByStudent","standardDeviationCodingDeliverablesHoursAverageByStudent","averageHelpHoursTotalByStudent","standardDeviationHelpHoursTotalByStudent","averageHelpHoursAverageByStudent","standardDeviationHelpHoursAverageByStudent","commitCount","uniqueCommitMessageCount","uniqueCommitMessagePercent","commitMessageLengthTotal","commitMessageLengthAverage","commitMessageLengthStandardDeviation","averageCommitCountByWeek","standardDeviationCommitCountByWeek","averageUniqueCommitMessageCountByWeek","standardDeviationUniqueCommitMessageCountByWeek","averageUniqueCommitMessagePercentByWeek","standardDeviationUniqueCommitMessagePercentByWeek","averageCommitMessageLengthTotalByWeek","standardDeviationCommitMessageLengthTotalByWeek","averageCommitCountByStudent","standardDeviationCommitCountByStudent","averageUniqueCommitMessageCountByStudent","standardDeviationUniqueCommitMessageCountByStudent","averageUniqueCommitMessagePercentByStudent","standardDeviationUniqueCommitMessagePercentByStudent","averageCommitMessageLengthTotalByStudent","standardDeviationCommitMessageLengthTotalByStudent","averageCommitMessageLengthAverageByStudent","standardDeviationCommitMessageLengthAverageByStudent","averageCommitMessageLengthStandardDeviationByStudent","issueCount","onTimeIssueCount","lateIssueCount","productLetterGrade"
"7","0","M","Local","28","73","2.607142857","0.929257988","72.5","2.589285714","1.203073233","74","2.642857143","2.008273703","18","0.642857143","1.100788215","24","0.857142857","1.499149419","4","28","7","3","0","","","","9.3333","2.624669291","24.33333333","8.339997335","2.565934066","0.146680315","24.16666667","6.381396573","2.601190476","0.195796241","24.66666667","13.76791762","2.479395604","0.719258367","6","3.488074923","0.654761905","0.436760389","8","1.632993162","0.875457875","0.095097106","1.3333","0.471404521","9.333333333","6.599663291","0","0","","","","","4","0","10.42857143","3.211903879","2.607142857","0.80297597","10.35714286","3.952524381","2.589285714","0.988131095","10.57142857","6.236004739","2.642857143","1.559001185","2.571428571","2.513230298","0.642857143","0.628307574","3.428571429","5.703561365","0.857142857","1.425890341","71","35","0.493","1421","20.0141","26.12564061","35.5","3.5","18","1","0.50925","0.02205","710.5","169.5","14.2","10.57166023","7.6","6.97423831","0.60868","0.250554125","284.2","262.4693506","14.26776","9.088852755","15.14961362","1","1","0","A"
"7","0.2857","M","Local","27","62.5","2.314814815","0.654728501","42","1.555555556","0.458122847","72.5","2.685185185","2.220060677","26","0.962962963","1.875405763","15","0.555555556","0.698322505","4","9","2.25","0.829156198","0","","","","6.75","3.631459762","15.625","9.416574483","2.212256494","0.256435385","10.5","6.422616289","1.413961039","0.263222397","18.125","11.74933509","2.688717532","0.465210536","6.5","4.5","0.789366883","0.613681858","3.75","2.015564437","0.662540584","0.25265836","1","0.707106781","3","1.632993162","0","0","","","","","3.8571","0.638876565","8.928571429","2.833833489","2.288095238","0.499183006","6","1.690308509","1.554761905","0.334724986","10.35714286","7.07467458","2.676190476","1.843087841","3.714285714","4.025429372","1.05952381","1.262017066","2.142857143","1.9769075","0.551190476","0.507921937","10","5","0.5","140","14","9.591663047","5","1","3","1","0.58335","0.08335","70","33","5","3","2.5","1.5","0.5","0","70","12","19.625","9.375","3.342435489","1","1","0","A"
"6","0","M","Local","22","44.5","2.022727273","0.438936544","41.5","1.886363636","0.475103295","72.5","3.295454545","2.648580627","19","0.863636364","1.908008351","15","0.681818182","1.028518954","4","3","0.75","0.433012702","0","","","","7.3333","1.885618083","14.83333333","4.588633299","2.005555556","0.247331437","13.83333333","4.588633299","1.861111111","0.257600514","24.16666667","8.289886744","3.383333333","1.304337493","6.333333333","4.18993503","0.944444444","0.74948542","5","2.483277404","0.644444444","0.149278098","1.3333","0.471404521","1","0.40824829","0","0","","","","","3.6667","0.471404521","7.416666667","1.426436897","2.006944444","0.177457394","6.916666667","1.742045413","1.854166667","0.27189961","12.08333333","9.602155429","3.118055556","2.316958498","3.166666667","4.089281382","0.798611111","1.01790017","2.5","3.651483717","0.645833333","0.90834289","67","53","0.791","2214","33.0448","34.96114382","16.75","9.601432185","14","8.660254038","0.865675","0.135758009","553.5","322.8811701","11.1667","4.740487551","9.1667","5.489889697","0.8115","0.254073441","369","197.1361628","37.6194","31.46326724","24.73461316","1","1","0","A"
"6","0","M","Local","24","72.5","3.020833333","1.372946699","32.5","1.354166667","0.549226097","37.5","1.5625","0.807677999","11.5","0.479166667","0.699392097","19.5","0.8125","0.6260408","4","4","1","0","0","","","","6","3.240370349","18.125","11.9078493","2.786309524","1.008931732","8.125","4.954480296","1.276785714","0.350268665","9.375","5.492893136","1.541666667","0.297559518","2.875","2.654595073","0.349404762","0.311774668","4.875","3.612045819","0.85297619","0.407478193","1","0.707106781","1.333333333","0.471404521","0","0","","","","","4","0.577350269","12.08333333","2.008661799","3.055555556","0.515201028","5.416666667","0.731247032","1.373611111","0.218920789","6.25","2.268442931","1.544444444","0.408437251","1.916666667","2.129488723","0.475","0.535218024","3.25","1.145643924","0.819444444","0.282255575","52","45","0.8654","1567","30.1346","23.81743773","13","18.50675552","11.25","16.03706644","0.904175","0.104330206","391.75","591.8202324","10.4","14.3888846","9","13.57939616","0.76462","0.26034396","313.4","485.8878883","21.11384","11.71912344","8.548449174","1","1","0","A"
"6","0","M","Local","20","50","2.5","2.50499501","45","2.25","1.26984251","69","3.45","2.801338966","60.5","3.025","3.480211919","16.5","0.825","0.779021823","4","8","2","0","0","","","","5","2.828427125","12.5","10.24084957","2.066666667","0.89349501","11.25","8.340413659","1.927777778","0.742056701","17.25","10.05919977","3.05","1.359227722","15.125","12.46181668","2.258333333","1.426023025","4.125","2.274175675","0.780555556","0.214788871","1","0.707106781","2.666666667","0.942809042","0","0","","","","","3.3333","0.942809042","8.333333333","4.5704364","2.375","0.95470327","7.5","3.730504881","2.125","0.703414292","11.5","9.196919774","3.041666667","2.133154289","10.08333333","8.974114008","2.666666667","2.158638974","2.75","2.734806514","0.75","0.645497224","21","16","0.7619","451","21.4762","18.96517874","7","7.788880964","6","6.377042157","0.94443333","0.078583134","150.3333","163.0998331","5.25","2.947456531","4.25","2.165063509","0.8","0.212132034","112.75","83.56247663","18.875","14.59612534","11.10018998","1","1","0","A"
"6","0.1667","M","Local","25","62","2.48","0.85416626","28.5","1.14","0.50039984","64","2.56","1.409397034","20","0.8","1.385640646","16.75","0.67","0.7096478","4","1.75","0.4375","0.108253175","0","","","","6.25","3.897114317","15.5","10.17963654","2.364583333","0.296646476","7.125","4.477373672","1.114583333","0.136215592","16","9.253377762","2.885416667","0.721311859","5","3.391164992","0.6875","0.534812402","4.1875","3.829878425","0.53125","0.230817915","1","0.707106781","0.583333333","0.11785113","0","0","","","","","4.1667","0.372677996","10.33333333","3.077697552","2.45","0.550567889","4.75","1.574536969","1.120833333","0.262367692","10.66666667","4.955356249","2.516666667","1.047483757","3.333333333","3.036811193","0.783333333","0.722649446","2.791666667","1.981248905","0.6625","0.475164445","46","26","0.5652","1612","35.0435","36.36646599","46","0","26","0","0.5652","0","1612","0","11.5","15.37042615","7.25","10.25609575","0.714475","0.328227934","403","619.291127","27.302625","29.52549527","25.78679077","1","0","1","A"
"6","0.1667","M","Local","23","72","3.130434783","1.752125363","39.9","1.734782609","1.075258794","68.5","2.97826087","2.57275973","28","1.217391304","1.869817981","26.5","1.152173913","1.709530718","5","2.9","0.58","0.479165942","0","","","","5.75","1.785357107","18","6.354132514","3.166666667","0.482326538","9.975","3.78838686","1.710416667","0.19323408","17.125","5.152365961","3.609375","2.391997609","7","1.457737974","1.463541667","0.891507847","6.625","4.587687326","1.182291667","0.729371251","1.25","0.433012702","0.725","0.481534007","0","0","","","","","3.8333","0.687184271","12","5.737304826","3.090277778","1.278475806","6.65","2.178493363","1.773055556","0.661871936","11.41666667","7.362159255","2.875","1.320905624","4.666666667","3.726779962","1.122222222","0.747939557","4.416666667","4.066290966","1.180555556","1.018823608","29","21","0.7241","586","20.2069","19.01248104","7.25","6.759252917","5.5","4.153311931","0.902775","0.16839864","146.5","132.1221026","9.6667","4.18993503","7.3333","4.714045208","0.78786667","0.300001837","195.3333","196.3438028","17.6028","11.95493882","11.55562406","1","1","0","A"
"3","0","M","Global","12","55.85","4.654166667","12.17428058","43.3","3.608333333","7.970514238","67.5","5.625","12.01453113","4","0.333333333","0.513701167","7.75","0.645833333","0.862761635","5","2.5","0.5","0.273861279","4","1.75","0.4375","0.446339277","3","1.414213562","13.9625","18.73957627","4.635833333","6.234101278","10.825","13.18016976","3.598333333","4.369986969","16.875","16.42168916","12.74166667","18.62533184","1","0.935414347","0.416666667","0.381881308","1.9375","1.574950396","0.604166667","0.365029489","1.25","0.433012702","0.625","0.279508497","1","0.707106781","0.583333333","0.424918293","0.458333333","0.412478956","4","0.816496581","18.61666667","20.78245788","5.9125","7.132985291","14.43333333","12.78445236","4.411111111","4.541196884","22.5","17.40090994","5.234722222","3.153885635","1.333333333","1.885618083","0.266666667","0.377123617","2.583333333","2.383391608","0.6125","0.605788054","3","2","0.6667","26","8.6667","6.599663291","3","0","2","0","0.6667","0","26","0","1.5","0.5","1","0","0.75","0.25","13","5","11","7","0","2","1","1","A"
"3","0","M","Global","10","19.2","1.92","0.98366661","18.5","1.85","1.025914226","17.9","1.79","1.066255129","7.4","0.74","1.252357776","2.65","0.265","0.379506258","4","1.55","0.3875","0.210282548","4","0.7","0.175","0.075","3.3333","0.471404521","6.4","3.047403266","1.836111111","0.597073625","6.166666667","3.064129385","1.763888889","0.608897506","5.966666667","0.368178701","1.836111111","0.330567227","2.466666667","1.517307557","0.738888889","0.489960946","0.883333333","0.476678322","0.255555556","0.121969436","1.3333","0.471404521","0.516666667","0.377123617","1.3333","0.471404521","0.233333333","0.154560308","0.158333333","0.051370117","3.3333","0.471404521","6.4","3.047403266","1.836111111","0.597073625","6.166666667","3.091206165","1.763888889","0.623918818","5.966666667","2.206555888","1.908333333","0.847736638","2.466666667","3.488393454","0.616666667","0.872098363","0.883333333","0.832999933","0.276388889","0.283829903","1","1","1","29","29","0","1","0","1","0","1","0","29","0","1","0","1","0","1","0","29","0","29","0","0","1","1","0","F"
"3","0","M","Global","13","64","4.923076923","1.140953613","37","2.846153846","0.863459397","59","4.538461538","2.790516484","39.5","3.038461538","4.765507231","22","1.692307692","0.821313712","1","1","1","0","1","2","2","0","3.25","1.785357107","16","10.67707825","4.333333333","1.374368542","9.25","4.968651729","2.75","0.493006649","14.75","8.613216588","4.708333333","0.852895395","9.875","8.414087889","2.75","2.760082527","5.5","4.031128874","1.5","0.372677996","0.25","0.433012702","1","0","0.25","0.433012702","2","0","2","0","4.3333","0.471404521","21.33333333","2.054804668","4.983333333","0.753141569","12.33333333","3.091206165","2.85","0.715308791","19.66666667","1.699673171","4.55","0.147196014","13.16666667","11.28666864","2.808333333","2.145376165","7.333333333","2.494438258","1.666666667","0.471404521","14","10","0.7143","256","18.2857","22.10503683","3.5","1.802775638","3","1.414213562","0.895825","0.108257988","64","51.97595598","4.6667","4.496912521","3.6667","3.091206165","0.9091","0.128552013","85.3333","60.60986352","24.25756667","26.11245261","11.64742446","4","3","1","A"
"3","0","M","Global","9","31","3.444444444","0.496903995","31","3.444444444","0.496903995","34","3.777777778","1.617802198","5","0.555555556","0.437444882","9","1","0.666666667","3","2.5","0.833333333","0.23570226","3","1","0.333333333","0.471404521","3","0.816496581","10.33333333","2.494438258","3.472222222","0.171233722","10.33333333","2.494438258","3.472222222","0.171233722","11.33333333","2.054804668","3.888888889","0.437444882","1.666666667","0.623609564","0.541666667","0.058925565","3","1.632993162","0.916666667","0.311804782","1","0","0.833333333","0.23570226","1","0","0.333333333","0.471404521","0.333333333","0.471404521","3","0.816496581","10.33333333","3.299831646","3.388888889","0.283278862","10.33333333","3.299831646","3.388888889","0.283278862","11.33333333","6.018490028","3.555555556","1.701488092","1.666666667","0.942809042","0.583333333","0.311804782","3","1.632993162","1.027777778","0.501540836","28","6","0.2143","74","2.6429","6.607432426","9.3333","9.104333522","3","1.632993162","0.6091","0.315519075","24.6667","24.45858177","7","5","2.25","1.639359631","0.39585","0.136600595","18.5","24.63229587","1.541675","2.0526898","3.158714529","1","1","0","A"
"7","0.1429","M","Local","34","77.14285716","2.268907564","2.22131854","52.71428573","1.550420169","1.085050985","84.71428573","2.491596639","2.47566006","54.64285719","1.607142859","2.014705882","41.8714286","1.231512606","1.651509219","3","6","2","0","0","","","","6.8","2.638181192","15.42857143","12.22610121","2.001298702","1.029642871","10.54285715","6.784977399","1.470454546","0.747841104","16.94285715","13.31643146","2.174025975","1.089645603","10.92857144","4.827641487","1.639285717","0.470887133","8.374285719","5.514688359","1.172759742","0.603269262","0.6","0.489897949","2","0","0","0","","","","","4.8571","0.832993128","11.02040817","6.99997025","2.333333334","1.449399192","7.530612247","1.996665274","1.594557824","0.47730094","12.10204082","10.06037584","2.519047619","1.997246241","7.806122456","7.408402205","1.56394558","1.45984778","5.981632657","3.69725069","1.268435375","0.773172201","103","55","0.534","4108","39.8835","62.0765736","34.3333","42.89781139","18.3333","22.39543604","0.5921","0.112167226","1369.3333","1674.553141","20.6","22.05085032","11.6","11.90965994","0.72112","0.268745637","821.6","592.2062479","62.39906","51.87509584","66.0513348","1","1","0","F"
"7","0.1429","M","Local","34","60.57142863","1.781512607","0.915551907","36.8571429","1.084033615","0.677748154","69.78571436","2.052521011","1.927817221","27.57142863","0.810924371","1.382352941","54.78571433","1.611344539","1.971082028","6","17.85714287","2.976190478","0.897527468","0","","","","6.8","2.4","12.11428573","6.360207917","1.778404454","0.521340605","7.371428579","2.457142846","1.15734694","0.39036522","13.95714287","6.392533895","2.09089054","0.576794461","5.514285725","1.000408081","0.931521337","0.433273931","10.95714287","4.523769411","1.69115028","0.578629938","1.2","0.4","3.571428573","2.364706478","0","0","","","","","4.8571","0.989743319","8.653061232","3.969348408","1.709523811","0.506587636","5.265306128","1.853494959","1.09319728","0.31135364","9.969387765","8.510999339","1.912925172","1.311252329","3.938775518","4.652882208","0.682993199","0.770032572","7.826530618","8.819526542","1.45612245","1.398870303","17","6","0.3529","273","16.0588","15.24494357","8.5","2.5","3.5","2.5","0.3561","0.1894","136.5","136.5","8.5","2.5","3.5","2.5","0.3561","0.1894","136.5","136.5","12.4091","12.4091","5.953677938","1","1","0","F"
"6","0.1667","M","Local","29","124","4.27586207","4.642511518","87.00000003","3.000000001","1.795091736","94.00000003","3.241379311","3.934058123","41.00000006","1.413793106","1.821394848","44.92857143","1.549261084","1.552107232","5","5.142857164","1.028571433","1.854723699","0","","","","5.8","2.481934729","24.80000001","12.68700121","4.252857145","2.244683512","17.40000001","8.593020414","2.891428573","1.052212437","18.80000001","11.49608628","3.324285716","2.150233018","8.200000012","5.192301989","1.55571429","0.819661455","8.985714287","5.877386618","1.392857143","0.659096474","1","0.632455532","1.285714291","1.320945861","0","0","","","","","4.8333","0.372677996","20.66666667","15.41372007","4.291666668","3.085952417","14.5","6.679112533","2.991666668","1.303112552","15.66666667","12.67078343","3.200000001","2.497944733","6.833333343","2.548064045","1.441666669","0.59399513","7.488095239","3.967216133","1.580952381","0.864872554","68","55","0.8088","3139","46.1618","46.17760162","13.6","6.37495098","11.6","5.16139516","0.8867","0.135237805","627.8","242.3438879","13.6","7.14422844","11.2","8.471127434","0.7948","0.353112226","627.8","602.2761493","40.364","23.52313721","26.68737023","1","1","0","A"
"3","0.3333","F","Global","13","50.14285716","3.857142859","2.128977308","33.2857143","2.560439561","1.434981393","30.85714287","2.373626374","0.842650088","20.2857143","1.560439561","1.434981393","31.85714287","2.450549451","2.205426336","6","19.2857143","3.214285716","0.957427108","0","","","","2.6","1.356465997","10.02857143","5.65209009","3.701904766","1.15520158","6.65714286","4.42866359","2.370476193","1.096514368","6.171428573","3.472809834","2.244761906","0.86498843","4.05714286","3.109695173","1.45714286","0.45535364","6.371428573","4.663886439","2.264761906","1.312001464","1.2","0.4","3.85714286","2.730029526","0","0","","","","","4.3333","1.699673171","16.71428572","6.667006804","4.252380954","1.471559557","11.0952381","3.692856381","2.838095239","0.90240294","10.28571429","2.443929035","2.614285715","0.626728901","6.761904766","5.382427111","1.393650794","0.702886108","10.61904762","4.860409736","2.936507937","1.63545992","44","23","0.5227","995","22.6136","25.21202447","14.6667","7.717224602","8","4.082482905","0.61193333","0.175964567","331.6667","209.7813677","11","7.968688725","6.25","4.656984003","0.582575","0.184254801","248.75","296.4299032","15.73485","19.57374591","9.832381017","3","3","0","F"
"4","0","M","Global","11","30","2.727272727","2.489647989","11","1","0","15.5","1.409090909","1.635100523","8.6","0.781818182","2.287045805","6","0.545454545","0.449977043","3","5.5","1.833333333","1.027402334","0","","","","2.75","1.479019946","7.5","4.330127019","3.216666667","2.245180022","2.75","1.479019946","1","0","3.875","2.459039447","1.891666667","1.342339376","2.15","3.666401506","1.0675","1.837435373","1.5","0.935414347","0.5","0.353553391","0.75","0.433012702","1.833333333","1.027402334","0","0","","","","","3.6667","0.471404521","10","3.741657387","2.666666667","0.772801541","3.666666667","0.471404521","1","0","5.166666667","1.840893503","1.430555556","0.488683669","2.866666667","3.638070307","0.716666667","0.909517577","2","1.471960144","0.513888889","0.354098577","37","31","0.8378","993","26.8378","19.75459374","9.25","7.949056548","8.25","7.04893609","0.934525","0.070185518","248.25","247.0064523","6.1667","8.070866675","5.3333","7.520342782","0.8139","0.182678461","165.5","245.4239529","20.45556667","9.706561628","12.45747927","3","1","2","F"
"4","0.25","M","Global","14","25.0357143","1.788265307","1.186257406","15.71428573","1.122448981","0.410325903","51.8571429","3.704081635","2.520325538","18.42857143","1.316326531","2.408530757","8.857142866","0.632653062","1.097306535","6","9.714285731","1.619047622","1","0","","","","2.8","1.720465053","5.00714286","3.990192055","1.70357143","0.877344606","3.142857146","1.977423594","1.104761906","0.286348501","10.37142858","6.618835207","3.68571429","1.858448866","3.685714287","3.170527542","1.542857143","1.312714727","1.771428573","1.18700446","0.81904762","0.64057797","1.2","0.4","1.942857146","1.101390586","0","0","","","","","4.6667","1.247219129","8.345238099","2.101654143","1.832539683","0.294573839","5.238095244","1.245854809","1.132539684","0.051666605","17.2857143","7.825477325","3.626984129","1.274841348","6.142857144","2.626396614","1.557142857","0.923915883","2.952380955","4.175297188","0.492063493","0.695882865","233","63","0.2704","3966","17.0215","11.45524838","77.6667","72.49980843","21.6667","12.55211359","0.47583333","0.211601392","1322","1176.421693","58.25","57.91966419","15.75","17.59794022","0.64455","0.378659851","991.5","1119.991406","19.962875","9.978731808","6.539227821","1","1","0","F"
"4","0","M","Global","13","42.14285719","3.241758246","1.52687948","32.28571433","2.483516487","1.384615385","55.57142863","4.274725279","2.79687061","28.28571433","2.175824179","3.151030638","15.2857143","1.175824177","0.821313712","3","3.857142866","1.285714289","0.471404521","0","","","","2.6","0.489897949","8.428571439","2.109260421","3.280952386","0.779615576","6.457142866","1.54232794","2.495238099","0.425491576","11.11428573","5.716713759","4.190476196","1.705466729","5.657142866","2.840810458","2.295238099","1.21345443","3.05714286","0.992214587","1.195238097","0.457836773","0.6","0.489897949","1.285714289","0.508432295","0","0","","","","","4.3333","1.247219129","14.04761906","3.805354861","3.257936512","0.058590571","10.76190478","1.85286442","2.579365083","0.409788274","18.52380954","2.491709599","4.658730164","1.379081019","9.428571443","7.497845485","2.317460322","1.90171714","5.095238099","1.517845466","1.226190478","0.385513371","40","13","0.325","1790","44.75","64.13335716","8","6.870225615","3.2","3.487119155","0.58384","0.36209567","358","411.843174","10","5.61248608","3.25","2.772634127","0.5197","0.386951896","447.5","339.1235026","39.794225","18.58234606","31.78001711","3","2","1","F"
"5","0.2","F","Local","23","27.14285724","1.180124228","0.619469863","31.28571443","1.360248454","1.111462872","48.89285728","2.125776404","1.251747361","12.71428579","0.552795034","1.150326657","18.14285719","0.788819878","0.583322081","3","3.714285746","1.238095249","0.623609564","0","","","","4.6","0.8","5.428571448","2.13283367","1.219047623","0.479805321","6.257142887","2.684650213","1.371428577","0.511420582","9.778571457","4.697611164","2.135714291","0.891204175","2.542857158","1.233544741","0.615238098","0.410545788","3.628571439","1.447305713","0.805714288","0.298786658","0.6","0.489897949","1.238095249","0.551230319","0","0","","","","","4.6","0.8","5.428571448","2.207593579","1.146666671","0.364929715","6.257142887","3.200956498","1.327619055","0.573973699","9.778571457","4.400626124","2.016666673","0.778972521","2.542857158","3.119916285","0.638095242","0.759185628","3.628571439","1.769584295","0.794285717","0.339218791","30","29","0.9667","1059","35.3","29.59521358","7.5","4.330127019","7.25","4.023369235","0.980775","0.033298677","264.75","195.5369211","10","7.788880964","9.6667","7.363574011","0.98333333","0.023570226","353","250.3450952","28.9148","25.21446221","17.20506542","4","3","1","F"
"5","0.2","F","Local","29","45.00000009","1.551724141","0.637698","38.71428579","1.334975372","0.675721308","33.00000004","1.137931036","0.856880941","11.42857145","0.394088671","0.597756408","17.21428575","0.59359606","0.558684543","6","3.142857149","0.523809525","0.186338998","0","","","","5.8","1.166190379","9.000000018","4.14728824","1.515000004","0.581291658","7.742857158","3.954227887","1.286904765","0.546870083","6.600000009","3.679673885","1.120000002","0.604648656","2.28571429","1.229733664","0.377142858","0.165023188","3.442857149","1.482826853","0.590238097","0.248759277","1.2","0.4","0.62857143","0.457142856","0","0","","","","","5.8","0.748331477","9.000000018","2.404078171","1.558639459","0.383606257","7.742857158","2.404757194","1.335782316","0.356788967","6.600000009","1.891765185","1.17809524","0.402887537","2.28571429","2.034398075","0.416190477","0.393917473","3.442857149","1.658866105","0.593809525","0.307508459","30","28","0.9333","985","32.8333","23.2179289","15","14","14","13","0.9655","0.0345","492.5","465.5","7.5","7.088723439","7","6.363961031","0.972225","0.048107711","246.25","236.9128268","23.622225","17.57943392","10.49545578","1","1","0","A"
"5","0","M","Local","25","94.14285737","3.765714295","2.121697434","87.85714307","3.514285723","1.886796226","66.28571439","2.651428576","1.716275036","16.21428584","0.648571433","1.154816003","37.71428584","1.508571433","1.96","6","13.8571429","2.309523816","1.247219129","0","","","","5","1.549193338","18.82857147","7.815029918","3.777142869","1.389983462","17.57142861","8.183108468","3.497857154","1.436147039","13.25714288","7.987055827","2.489285719","1.029265629","3.242857167","2.491454778","0.790714292","0.634025042","7.542857167","2.806915616","1.623214292","0.753275154","1.2","0.4","2.771428579","1.632826512","0","0","","","","","5","1.549193338","18.82857147","8.627033955","3.74190477","1.015280758","17.57142861","7.148140927","3.540952388","0.80351185","13.25714288","6.604049479","2.721428575","0.988757667","3.242857167","2.737345665","0.568095242","0.468484315","7.542857167","8.016513596","1.338095242","1.276989804","100","64","0.64","2445","24.45","15.81731646","20","13.92838828","13.4","14.00856881","0.6282","0.333694213","489","415.8903702","20","21.72556098","12.8","11.82201336","0.72856","0.166057419","489","510.7899764","25.28666","3.381108342","12.46328825","4","3","1","A"
"6","0","M","Local","21","52.21428588","2.486394566","1.094202409","45.71428588","2.176870756","1.174174096","40.85714294","1.945578235","1.116257921","27.71428579","1.38571429","1.593737745","9.142857194","0.435374152","0.641533028","0","","","","0","","","","4.2","0.979795897","10.44285718","5.055286136","2.502380961","1.09581764","9.142857176","4.686933601","2.152380961","0.899527453","8.171428588","3.31926962","2.067857147","1.027771949","5.542857158","3.444486853","1.269047623","0.726389508","1.828571439","0.646181868","0.43214286","0.121031092","0","0","","","0","0","","","","","5.25","0.829156198","13.05357147","3.202906439","2.458630961","0.393492788","11.42857147","3.078894575","2.139880961","0.380801214","10.21428574","3.376464158","1.906547623","0.436787564","6.928571448","4.350111432","1.472023813","1.046317341","2.285714298","1.554289662","0.445535717","0.272757264","15","14","0.9333","527","35.1333","20.6328756","7.5","4.5","7","4","0.95835","0.04165","263.5","175.5","5","2.160246899","4.6667","2.357022604","0.91666667","0.11785113","175.6667","89.00312104","33.91666667","9.152261408","16.63339186","3","2","1","F"
"4","0.25","F","Local","18","45.85714316","2.547619065","2.833333333","40.42857158","2.246031755","0.931280812","49.28571439","2.738095244","3.374285475","59.78571457","3.321428587","3.57902411","17.42857149","0.968253972","0.600925213","5","3.285714298","0.65714286","0.244948974","0","","","","3.6","1.019803903","9.171428633","3.207643887","2.569523825","0.492129411","8.085714316","3.843467785","2.281428579","0.789000904","9.857142878","7.408213843","2.690952386","1.408357296","11.95714291","7.627501221","3.055952395","1.598555528","3.485714298","1.207459784","1.081428575","0.544538745","1","0","0.65714286","0.290671282","0","0","","","","","4.5","0.866025404","11.46428579","1.322393407","2.602380974","0.296033897","10.1071429","4.08128507","2.140476199","0.630529958","12.3214286","6.098155471","2.997619053","1.767935304","14.94642864","8.890400591","3.751190494","2.704431532","4.357142873","1.287696887","0.947619051","0.143569652","32","17","0.5313","867","27.0938","31.4477338","10.6667","6.12825877","6.3333","3.091206165","0.63133333","0.096105579","289","69.29646456","8","7.03562364","4.5","4.5","0.758925","0.291657276","216.75","290.2105916","33.1451","17.8293635","10.70700978","2","1","1","F"
"5","0.6","F","Local","30","40.28571439","1.342857146","0.657436097","42.00000009","1.400000003","0.715697018","31.9571429","1.065238097","0.851462794","41.05714301","1.368571434","1.513865545","21.95714292","0.731904764","0.768866409","7","6.285714298","0.897959185","0","0","","","","6","1.549193338","8.057142878","4.71458871","1.273650798","0.59054667","8.400000018","5.122499368","1.315555559","0.611074741","6.391428579","3.93174001","1.023174605","0.568735805","8.211428602","2.902896462","1.378507943","0.440286592","4.391428584","3.205933263","0.676952384","0.320363396","1.4","0.8","1.25714286","0.914285712","0","0","","","","","6","0.632455532","8.057142878","2.041608009","1.329659867","0.249422156","8.400000018","2.483250019","1.3829932","0.339138675","6.391428579","1.785830853","1.106190477","0.417229823","8.211428602","4.72967534","1.367619053","0.752021617","4.391428584","2.230907209","0.740068029","0.379550166","48","36","0.75","1158","24.125","13.7940582","9.6","16.21850795","7.4","11.8253964","0.94762","0.10476","231.6","393.5899389","12","8.689073598","9.5","7.566372975","0.789275","0.182208883","289.5","247.6918448","16.835125","10.84590614","9.477342713","1","1","0","A"
"7","0.1429","M","Local","37","65.78571433","1.777992279","1.053707497","47.42857146","1.281853283","0.555535265","87.50000003","2.364864866","4.767494024","30.28571433","0.81853282","1.304596582","36.14285716","0.976833977","1.064055118","6","9.928571433","1.654761905","0.381881308","0","","","","7.4","1.356465997","13.15714287","5.780403193","1.723809525","0.592924602","9.485714293","3.697599872","1.253968255","0.394117745","17.50000001","17.25688268","2.125396826","1.820499987","6.057142866","4.310973181","0.912698414","0.688932776","7.228571433","3.502302443","0.953968255","0.395247656","1.2","0.4","1.985714287","1.1591693","0","0","","","","","5.2857","1.160576915","9.39795919","3.838172769","1.796768709","0.643867534","6.775510209","2.116307837","1.264455783","0.202876972","12.5","10.04588598","2.260204082","1.570119386","4.326530618","3.785590515","0.835034015","0.695339097","5.163265309","2.787339738","1.108843538","0.732296416","46","12","0.2609","345","7.5","9.025928833","23","5","6.5","3.5","0.2619","0.0952","172.5","105.5","15.3333","4.714045208","4.6667","1.699673171","0.3005","0.03623709","115","62.03224968","8.3081","5.740248652","7.079433105","0","0","0","A"
"6","0.1667","M","Local","31","63.21428575","2.039170508","0.746479772","62.21428575","2.006912443","0.73169653","50.0714286","1.615207374","1.09130515","10.85714288","0.350230416","0.722393409","15.35714287","0.495391705","0.63418075","5","4.5","0.9","0.2","0","","","","6.2","1.720465053","12.64285715","5.433644235","2.0234127","0.730814489","12.44285715","5.267032612","2.001190477","0.734557572","10.01428572","4.414355053","1.598095239","0.58273419","2.171428576","1.022801276","0.364920636","0.178132017","3.071428573","2.482592455","0.476349207","0.346159289","1","0.632455532","1.125","0.216506351","0","0","","","","","5.1667","0.687184271","10.53571429","1.581004371","2.056746033","0.297572748","10.36904762","1.788291788","2.015079366","0.290003084","8.345238099","2.172186843","1.626190477","0.419865274","1.809523813","1.644753911","0.378571429","0.406566938","2.559523811","1.817533964","0.516269842","0.385759396","32","11","0.3438","570","17.8125","16.61030836","6.4","7.337574531","2.6","2.727636339","0.44286","0.071589094","114","92.78577477","6.4","2.416609195","2.6","0.8","0.50158","0.273161069","114","93.90420651","16.30714","8.514205184","10.43187406","0","0","0","F"
"7","0.1429","M","Local","36","104.5714286","2.904761906","1.394986614","97.28571433","2.702380954","1.479541554","102.2142857","2.839285715","6.439219026","131.5000001","3.652777779","8.443747687","33.57142858","0.932539683","1.201529375","4","2.5","0.625","0.216506351","0","","","","7.2","2.561249695","20.91428573","12.7515025","2.654891777","1.020899952","19.45714287","12.70012051","2.451082253","1.011766754","20.44285715","16.91909921","2.672655124","2.28346657","26.30000001","19.72713866","3.084227997","1.834720273","6.714285716","4.358664837","0.832467533","0.415409865","0.8","0.748331477","0.833333333","0.471404521","0","0","","","","","5.1429","0.832993128","14.93877552","4.072847693","2.921428573","0.745756813","13.89795919","3.422370488","2.720408164","0.619046124","14.60204082","16.21529068","2.865306123","3.277808655","18.78571429","30.3542976","3.795068029","6.080466546","4.795918369","4.946864687","0.919047619","0.994588533","165","81","0.4909","5270","31.9394","38.86069869","33","55.57697365","16.8","24.70951234","0.81944","0.202619117","1054","1917.01445","23.5714","12.31557832","12","8.03563492","0.55541429","0.313923655","752.8571","329.5223507","41.65445714","24.24326356","31.02885114","0","0","0","A"
"6","0.1667","M","Local","32","62.00000003","1.937500001","1.100426054","49.0714286","1.533482144","0.920549895","45.71428573","1.428571429","0.901387819","33.2857143","1.040178572","1.58822572","29.7857143","0.930803572","0.667134439","5","8.5","1.7","0.4","0","","","","6.4","1.854723699","12.40000001","6.560487778","1.828333335","0.650076916","9.814285719","5.334064569","1.455634922","0.592224773","9.142857146","4.959427217","1.346349207","0.540395093","6.65714286","4.196791774","0.965317461","0.462920771","5.95714286","3.270024648","0.873650794","0.34910222","1","0.632455532","2.125","0.892678554","0","0","","","","","5.3333","0.745355992","10.33333334","4.953768694","1.851289683","0.788132883","8.178571433","3.475313818","1.474801588","0.517406946","7.619047622","2.476648311","1.405158731","0.388157111","5.54761905","4.185670947","0.985714286","0.785112805","4.964285716","3.242403473","0.874603175","0.562191659","6","2","0.3333","148","24.6667","17.91337179","2","0.816496581","1.3333","0.471404521","0.72223333","0.207866886","49.3333","44.58200933","6","0","2","0","0.3333","0","148","0","24.6667","0","17.91337179","0","0","0","F"
"7","0.1429","M","Local","35","68.14285737","1.946938782","1.115384074","70.14285737","2.004081639","1.097678441","85.64285719","2.446938777","2.251801999","20.50000018","0.585714291","1.064645193","36.71428579","1.048979594","0.755388804","6","5.285714298","0.880952383","0","0","","","","7","2.097617696","13.62857147","9.846412339","1.794112562","0.867761132","14.02857147","8.960411753","1.881558449","0.798892122","17.12857144","11.25714284","2.303333335","1.247989401","4.100000036","2.289104627","0.560259746","0.159299458","7.342857158","3.958560838","1.013593076","0.366564131","1.2","0.979795897","1.321428575","1.012044805","0","0","","","","","5.8333","0.372677996","11.3571429","1.644926235","1.964285721","0.369303547","11.69047623","1.462494065","2.019841276","0.335710534","14.27380953","7.673438669","2.426587303","1.247567866","3.416666696","2.464860763","0.597619053","0.43390639","6.119047632","2.68805201","1.040873018","0.431932187","29","16","0.5517","525","18.1034","15.54159009","9.6667","8.178562764","5.3333","5.436502143","0.59523333","0.340608146","175","180.2387306","9.6667","2.867441756","5.3333","3.091206165","0.50173333","0.259847472","175","164.9060338","14.45383333","12.48429798","6.654938152","0","0","0","A"
"5","0.2","M","Local","23","50.71428579","2.204968947","1.09302653","35.14285719","1.527950313","0.758069381","39.92857149","1.736024847","0.908373149","17.71428579","0.770186339","0.750551152","12.71428575","0.552795032","0.662954377","5","7.285714298","1.45714286","0.8","0","","","","4.6","0.8","10.14285716","5.648911738","2.102380956","0.992363123","7.028571439","4.106142721","1.453809526","0.734497526","7.985714298","4.22924703","1.658095241","0.705066852","3.542857158","1.426856093","0.75571429","0.22389866","2.542857149","1.111718644","0.545714287","0.221525322","1","0","1.45714286","0.945019163","0","0","","","","","4.6","1.854723699","10.14285716","4.718180222","2.320952384","0.555554105","7.028571439","2.409843762","1.761904764","0.636857363","7.985714298","3.745037541","1.75809524","0.302182537","3.542857158","2.059126034","0.654285717","0.38928506","2.542857149","2.744047368","0.466666668","0.495457828","12","8","0.6667","1446","120.5","145.0491296","6","4","4","3","0.6","0.1","723","551","4","2.449489743","2.6667","1.699673171","0.7381","0.204816715","482","632.8712349","78.82143333","83.77175989","54.9768832","0","0","0","F"
"5","0.6","F","Local","29","76.28571439","2.630541875","1.839583265","64.07142869","2.20935961","1.574167201","75.57142869","2.605911334","2.018346293","24.42857149","0.842364534","1.245204833","33.3571429","1.150246307","1.336401543","5","3.5","0.7","0.244948974","0","","","","5.8","1.720465053","15.25714288","8.891821482","2.440952386","1.101792388","12.81428574","7.909900767","2.048571434","1.012920603","15.11428574","8.892739496","2.399682545","0.9710521","4.885714298","2.595757904","0.798095241","0.295707763","6.671428579","5.337506862","1.036190478","0.757586571","1","0.632455532","0.875","0.414578099","0","0","","","","","5.8","0.4","15.25714288","6.059164081","2.629523813","0.992298689","12.81428574","4.800850264","2.192380956","0.75602853","15.11428574","8.509970142","2.619047623","1.431029631","4.885714298","5.05027783","0.820952383","0.83667412","6.671428579","5.128869873","1.135238097","0.84155455","47","38","0.8085","1279","27.2128","25.93029623","9.4","13.36562756","7.6","9.7897906","0.95","0.1","255.8","390.9400977","9.4","8.13879598","7.6","8.309031231","0.83332","0.2582118","255.8","195.1260106","32.525","18.04465296","16.49751355","0","0","0","A"
"6","0.5","F","Local","24","59.92857219","2.497023841","1.252823201","52.00000061","2.166666692","0.690360212","52.2142863","2.175595262","2.477678125","59.28571489","2.470238121","4.699244546","15.6500002","0.652083342","1.419945654","4","3.785714328","0.946428582","0.216506351","0","","","","6","0","14.98214305","4.092793076","2.497023841","0.682132179","13.00000015","4.291959589","2.166666692","0.715326598","13.05357157","5.030360558","2.175595262","0.838393426","14.82142872","6.556173928","2.470238121","1.092695655","3.912500049","1.831626719","0.652083342","0.30527112","1","0","0.946428582","0.354903685","0","0","","","","","4","0","9.988095365","3.08149427","2.497023841","0.770373568","8.666666768","0.725702428","2.166666692","0.181425607","8.70238105","5.480394373","2.175595262","1.370098593","9.880952482","9.92777211","2.470238121","2.481943028","2.608333366","4.181166142","0.652083342","1.045291535","11","6","0.5455","910","82.7273","59.05789287","5.5","0.5","3","1","0.53335","0.13335","455","8","5.5","4.5","3","2","0.75","0.25","455","412","64.85","21.85","30.26140281","0","0","0","A"
"5","0","M","Local","18","58.0000006","3.222222255","2.076470177","46.35714334","2.575396852","1.17227488","46.78571486","2.599206381","2.465346243","40.35714304","2.242063502","2.991887179","24.07142878","1.337301599","1.274452194","0","","","","0","","","","4.5","0.5","14.50000015","7.527669936","3.106250037","1.348209235","11.58928584","4.937459526","2.491071459","0.827668432","11.69642872","3.641237297","2.574107179","0.691176961","10.08928576","7.779055923","2.09107144","1.490252117","6.017857194","3.79929333","1.273214298","0.704873243","0","0","","","0","0","","","","","3.6","0.489897949","11.60000012","2.938346079","3.336904796","1.077388195","9.271428668","2.234424573","2.603571456","0.579721575","9.357142973","5.823947802","2.617857176","1.476633974","8.071428609","5.142857136","2.339285724","1.60021434","4.814285755","2.90657246","1.366666678","0.759161736","111","85","0.7658","3709","33.4144","19.98534078","27.75","22.68672519","21.5","14.53444185","0.876775","0.130614631","927.25","747.1811611","27.75","12.75490102","21.25","9.984362774","0.80815","0.187065236","927.25","433.7351582","35.5697","10.75675727","16.06072902","0","0","0","A"
"5","0.2","M","Local","20","47.14285785","2.357142892","1.116915395","46.28571492","2.314285746","1.061838029","47.14285773","2.357142887","0.792148976","17.00000027","0.850000013","2.044963325","22.71428597","1.135714298","0.852936105","4","7.285714447","1.821428612","1.802775638","0","","","","5","0.707106781","11.78571446","2.518300267","2.348809559","0.270494912","11.57142873","3.797152441","2.276785746","0.463168271","11.78571443","3.851185754","2.357142887","0.642857113","4.250000067","4.308422012","0.768750013","0.733862861","5.678571492","2.556254786","1.114880965","0.378595281","1","0.707106781","2.428571482","0.816496598","0","0","","","","","4","0","9.42857157","2.41762239","2.357142892","0.604405597","9.257142985","2.671695961","2.314285746","0.66792399","9.428571546","1.509155751","2.357142887","0.377288938","3.400000054","3.826225366","0.850000013","0.956556341","4.542857194","2.12545315","1.135714298","0.531363288","65","39","0.6","2966","45.6308","44.21157845","21.6667","13.47425529","13.3333","10.49867717","0.63346667","0.19256094","988.6667","533.1355883","13","15.91225942","7.8","8.565045242","0.75846","0.234269756","593.2","789.925161","57.5461","62.54601001","38.92999155","0","0","0","F"
"5","0.4","M","Local","15","11.07142873","0.738095249","0.560257877","8.821428731","0.588095249","0.334995854","13.17857176","0.878571451","1.513458145","36.14285737","2.409523825","6.894119878","4.000000089","0.266666673","0.553774924","3","1.571428597","0.523809532","0","0","","","","7.5","3.5","5.535714366","1.964285634","1.09983767","0.77516233","4.410714366","0.839285634","0.81858767","0.49391233","6.58928588","0.83928588","1.056412353","0.381087647","18.07142869","12.92857131","4.108766244","3.641233756","2.000000045","0.0000000447","0.340909095","0.159090905","1.5","0.5","0.785714298","0.214285702","0","0","","","","","3","0.632455532","2.214285746","0.840310917","0.816666677","0.471861272","1.764285746","0.677480329","0.60000001","0.221901696","2.635714352","1.419327253","0.880952404","0.390722926","7.228571475","10.54498622","3.342857158","5.363215599","0.800000018","0.634710296","0.251190482","0.182123407","0","0","0","0","0","0","0","0","0","0","0","0","0","0","0","0","0","0","0","0","0","0","0","0","0","2","2","0","A"
"5","0.2","M","Local","13","24.00000036","1.846153874","1.211385827","12.14285737","0.934065952","0.474185693","26.14285746","2.010989036","2.020603929","17.64285764","1.357142895","4.314554973","10.85714298","0.835164845","1.273303489","3","4.428571492","1.476190497","0.471404521","0","","","","6.5","2.5","12.00000018","3.999999821","2.444444464","1.555555536","6.071428686","0.928571314","1.160714298","0.589285702","13.07142873","5.928571269","2.771825415","1.978174585","8.82142882","2.32142882","1.431547647","0.193452353","5.428571492","2.571428508","1.158730166","0.841269834","1.5","0.5","2.214285746","0.785714254","0","0","","","","","2.6","0.8","4.800000072","2.478643502","1.77380955","0.666411517","2.428571475","0.847565549","0.933333351","0.197145153","5.228571492","2.850850253","1.992857167","1.005190622","3.528571528","4.012124601","1.30952384","1.627847262","2.171428597","1.607126981","0.75000001","0.294507542","0","0","0","0","0","0","0","0","0","0","0","0","0","0","0","0","0","0","0","0","0","0","0","0","0","1","1","0","A"
"6","0.1667","M","Local","18","13.57142882","0.753968268","0.772302154","11.00000018","0.611111121","0.333333333","10.42857172","0.579365095","1.653886183","19.28571443","1.07142858","1.81408243","8.03571441","0.446428578","0.640095479","3","0.928571448","0.309523816","0.23570226","0","","","","9","3","6.78571441","1.21428559","0.898809534","0.434523799","5.500000089","1.499999911","0.750000007","0.416666659","5.214285858","1.214285858","0.601190488","0.065476179","9.642857216","6.357142784","1.470238101","1.196428565","4.017857205","1.232142795","0.553571434","0.321428566","1.5","0.5","0.464285724","0.035714276","0","0","","","","","3","0.816496581","2.261904803","0.62087643","0.817460331","0.345693917","1.833333363","0.302108991","0.658730168","0.230192936","1.738095286","1.631777711","0.553571444","0.538035105","3.214285739","2.44079557","1.234126992","1.097686763","1.339285735","0.59965624","0.451388896","0.200045371","0","0","0","0","0","0","0","0","0","0","0","0","0","0","0","0","0","0","0","0","0","0","0","0","0","1","1","0","A"
"6","0.1667","F","Local","16","18.28571466","1.142857166","1.618979231","13.14285746","0.821428591","1.087930949","18.00000036","1.125000022","0.78062475","9.571428776","0.598214298","2.228192934","8.000000134","0.500000008","0.779998998","4","3.714285791","0.928571448","0","0","","","","8","4","9.142857328","0.857142672","1.595238111","0.904761889","6.571428731","0.571428731","1.047619061","0.452380939","9.000000179","0.999999821","1.583333348","0.916666652","4.785714388","0.214285612","0.815476199","0.434523801","4.000000067","0.999999933","0.750000006","0.499999994","2","1","1.857142895","0.142857105","0","0","","","","","2.6667","1.105541597","3.047619109","3.239495533","0.972222245","0.729036412","2.190476244","1.766403559","0.730158749","0.378318447","3.00000006","1.475422243","1.125000025","0.392180151","1.595238129","2.274401616","0.619047632","0.986013317","1.333333356","1.38177317","0.456349214","0.450217611","0","0","0","0","0","0","0","0","0","0","0","0","0","0","0","0","0","0","0","0","0","0","0","0","0","1","1","0","F"
"6","0.1667","M","Local","20","21.71428619","1.08571431","0.990896059","18.00000045","0.900000022","1.013656747","19.82142904","0.991071452","1.689813229","37.57142931","1.878571466","2.312466216","14.00000022","0.700000011","0.869985632","4","1.357142895","0.339285724","0.216506351","0","","","","10","5","10.8571431","0.142856903","1.457142873","0.742857127","9.000000224","1.000000224","1.133333348","0.466666652","9.910714522","0.660714522","1.277380968","0.572619032","18.78571466","2.214285344","2.652380977","1.547619023","7.000000112","1.999999888","1.066666674","0.733333326","2","1","0.678571448","0.178571448","0","0","","","","","3.3333","0.942809042","3.619047699","1.619747777","1.047619072","0.27173125","3.000000075","1.639229985","0.86309526","0.317714438","3.303571507","2.722711766","0.895833356","0.639243885","6.261904885","3.839834837","1.797619083","0.860772748","2.333333371","1.208435957","0.67857144","0.229610731","0","0","0","0","0","0","0","0","0","0","0","0","0","0","0","0","0","0","0","0","0","0","0","0","0","2","2","0","A"
"6","0.1667","M","Local","17","21.35714319","1.25630254","0.780936356","20.78571463","1.222689096","0.6758309","16.85714312","0.991596654","1.221916358","6.214285836","0.365546226","1.151950355","5.392857194","0.317226894","1.030671498","2","0.642857149","0.321428575","0","0","","","","8.5","2.5","10.67857159","3.321428407","1.501082266","0.832251067","10.39285732","2.607142683","1.437229453","0.729437214","8.428571559","2.571428441","1.182900445","0.650432889","3.107142918","0.392857082","0.415043296","0.168290038","2.696428597","1.553571403","0.406114721","0.302218612","1","0","0.321428575","0.178571425","0","0","","","","","2.8333","0.372677996","3.559523864","1.053352823","1.321428591","0.575342091","3.464285772","0.80151855","1.261904782","0.396030953","2.809523853","1.828844254","0.972222237","0.58457379","1.035714306","1.192201153","0.432539691","0.56451116","0.898809532","1.669608382","0.299603177","0.556536127","0","0","0","0","0","0","0","0","0","0","0","0","0","0","0","0","0","0","0","0","0","0","0","0","0","7","5","2","A"
"5","0.4","M","Local","13","31.14285749","2.395604422","0.88545111","24.0000003","1.846153869","1.186711432","23.57142892","1.81318684","1.947536754","9.5","0.730769231","1.648021945","11.57142869","0.890109899","1.1344524","2","5.571428657","2.785714328","1.5","0","","","","3.25","0.829156198","7.785714373","3.038024307","2.291666696","0.523572702","6.000000075","2.922467541","1.773809547","0.743595099","5.892857231","3.190187489","1.696428601","0.589826602","2.375","3.069507289","0.635416667","0.765678144","2.892857172","1.307845234","0.839285724","0.263355013","0.5","0.5","2.785714328","0.785714328","0","0","","","","","3.25","0.829156198","7.785714373","0.644838242","2.552083359","0.634750681","6.000000075","1.798525501","1.886904785","0.393532973","5.892857231","2.696132949","1.949404793","1.013527258","2.375","2.534141867","1.041666667","1.226869322","2.892857172","1.647896006","1.117559534","0.912408708","0","0","0","0","0","0","0","0","0","0","0","0","0","0","0","0","0","0","0","0","0","0","0","0","0","5","4","1","A"
"3","0","M","Global","8","13.42857152","1.67857144","0.927024811","9.00000006","1.125000007","1.198957881","16.64285731","2.080357164","1.210307296","10.14285725","1.267857157","2","1.357142866","0.169642858","0.242061459","2","1.357142866","0.678571433","0.25","2","1.357142866","0.678571433","0.25","2","0.707106781","3.357142881","2.313447809","1.458333348","0.623467499","2.250000015","2.789146231","0.904761915","0.867006733","4.160714328","1.824140131","1.973214313","0.510960849","2.535714313","2.65801636","1.190476214","0.89784323","0.339285716","0.408378451","0.127976192","0.139182655","0.5","0.5","0.678571433","0.321428567","0.5","0.5","0.678571433","0.321428567","0.678571433","0.321428567","2.6667","0.942809042","4.476190507","0.673435032","1.904761915","0.703086813","3.00000002","1.166423691","1.369047627","0.749338336","5.547619104","0.675955739","2.232142876","0.43030403","3.380952418","2.876915709","1.54761906","1.532342185","0.452380955","0.351543409","0.154761905","0.110400221","9","9","1","318","35.3333","31.15552385","3","0.816496581","3","0.816496581","1","0","106","79.79974937","4.5","2.5","4.5","2.5","1","0","159","121","29.5","10.5","20.35229955","1","0","1","A"
"3","0","M","Global","10","41.57142913","4.157142913","1.220655562","28.71428603","2.871428603","1.854723699","27.85714322","2.785714322","1.854723699","9.571428776","0.957142878","1.345362405","16.42857161","1.642857161","1.752854814","4","7.285714328","1.821428582","1.732050808","4","5.571428657","1.392857164","0.433012702","2.5","0.5","10.39285728","3.1173886","4.190476244","1.075784741","7.178571507","2.875609895","2.958333363","1.344592633","6.964285806","1.852673144","3.023809562","1.258193101","2.392857194","2.397649831","0.797619065","0.79921661","4.107142903","1.791775395","1.714285731","0.932721178","1","0.707106781","2.428571443","2.526054697","1","0.707106781","1.857142886","0.81649656","1.357142886","0.154303332","3.3333","0.942809042","13.85714304","2.574072707","4.345238159","0.720410277","9.571428676","5.563486436","2.833333368","1.174174104","9.285714408","0.764875187","3.011904801","0.803020102","3.190476259","0.758922715","0.988095264","0.14964055","5.476190537","2.535015586","2.059523833","1.524832266","72","49","0.6806","3781","52.5139","83.63096733","18","9.874208829","13.25","8.437268515","0.70935","0.207494946","945.25","651.8041788","12","12.27463509","8.6667","10.54619468","0.72923333","0.333891553","630.1667","838.6183909","47.46598333","61.15911061","35.4402316","1","0","1","A"
"3","0.3333","M","Global","11","32.85714328","2.987013026","2.603240193","18.71428591","1.701298719","1.206045378","41.71428639","3.792207853","4.914138819","4.285714388","0.389610399","0.890723543","23.42857188","2.129870171","3.185711903","3","4.714285791","1.571428597","0.816496581","3","4.642857194","1.547619065","0.23570226","2.75","0.433012702","8.214285821","3.400930212","2.857142895","0.949996998","4.678571478","2.107748055","1.678571448","0.625764822","10.4285716","4.308273976","4.071428642","2.157752503","1.071428597","1.07617997","0.357142866","0.358726657","5.85714297","2.261027465","2.339285761","1.378936888","0.75","0.433012702","1.571428597","0.42056005","0.75","0.433012702","1.547619065","0.351543387","1.547619065","0.351543387","3.6667","0.471404521","10.95238109","5.114117312","3.202380995","1.844815651","6.238095303","1.583646589","1.761904781","0.587087055","13.90476213","8.048605333","3.865079426","2.090392461","1.428571463","1.112697311","0.432539693","0.370431789","7.80952396","5.483845679","2.115079406","1.331785312","15","7","0.4667","143","9.5333","17.86940278","5","3.559026084","2.6667","1.699673171","0.6111","0.283289757","47.6667","63.90791987","3","1.673320053","1.6","0.489897949","0.70002","0.305491953","28.6","42.79065319","9.7","14.17523882","5.756854249","4","2","2","F"
"5","0.2","M","Local","25","55.71428585","2.228571434","1.076289924","36.92857152","1.477142861","0.94318609","86.28571448","3.451428579","2.435077001","35.14285716","1.405714287","4.891789039","25.85714293","1.034285717","0.848528137","5","5.857142866","1.171428573","0.489897949","0","","","","5","0.632455532","11.14285717","5.669107097","2.158571434","0.857409477","7.385714304","3.750265284","1.427142861","0.578181523","17.2571429","7.929999836","3.398095246","1.306493802","7.028571433","10.02380839","1.255714287","1.636087917","5.171428585","2.651761054","0.99761905","0.389656513","1","0.632455532","1.464285716","1.48246554","0","0","","","","","5","0","11.14285717","2.160876621","2.228571434","0.432175324","7.385714304","1.904666669","1.477142861","0.380933334","17.2571429","6.514285719","3.451428579","1.302857144","7.028571433","11.29869056","1.405714287","2.259738112","5.171428585","1.923856674","1.034285717","0.384771335","103","29","0.2816","3655","35.4854","67.08462473","25.75","29.04629925","7.5","6.726812024","0.49095","0.313983889","913.75","1362.323819","20.6","12.51559028","6.2","3.310589071","0.50526","0.410219588","731","661.1756196","51.02744","45.73105837","48.7919821","1","1","0","F"
"5","0","M","Local","25","59.7857144","2.391428576","2.547469332","24.92857151","0.99714286","0.934665716","66.21428588","2.648571435","3.136622387","78.57142866","3.142857146","4.204759208","16.78571431","0.671428573","0.597996656","5","5.285714298","1.05714286","0.489897949","0","","","","5","0","11.95714288","7.381941544","2.391428576","1.476388309","4.985714301","0.912945429","0.99714286","0.182589086","13.24285718","6.243298422","2.648571435","1.248659684","15.71428573","10.80022674","3.142857146","2.160045348","3.357142863","1.745548268","0.671428573","0.349109654","1","0","1.05714286","0.515870572","0","0","","","","","5","0","11.95714288","6.064214209","2.391428576","1.212842842","4.985714301","0.881093945","0.99714286","0.176218789","13.24285718","8.576617502","2.648571435","1.7153235","15.71428573","13.65074567","3.142857146","2.730149135","3.357142863","1.393864107","0.671428573","0.278772821","58","58","1","2058","35.4828","13.86665733","14.5","16.1322658","14.5","16.1322658","1","0","514.5","607.7690762","14.5","21.13646139","14.5","21.13646139","1","0","514.5","807.7055466","24.07255","9.107750024","4.562003079","1","1","0","A"
"5","0.4","F","Local","24","84.50000024","3.520833343","2.181738444","68.85714307","2.869047628","2.430992024","74.35714307","3.098214295","3.481536119","86.14285716","3.589285715","11.92504076","34.39285722","1.433035717","2.802354386","4","10.21428572","2.553571429","3.109963826","0","","","","4.8","0.4","16.90000005","6.773989848","3.457142867","1.255323353","13.77142861","7.619309508","2.831428581","1.469371653","14.87142861","5.66665866","3.021428581","1.049664668","17.22857143","27.08604581","3.454285715","5.412053063","6.878571443","3.854469963","1.401428575","0.743384426","0.8","0.4","2.553571429","3.160815172","0","0","","","","","4.8","0.4","16.90000005","4.054123634","3.53000001","0.79588739","13.77142861","3.791074383","2.845714295","0.662610793","14.87142861","8.054964257","3.194285723","1.848299828","17.22857143","22.05792004","4.045714287","5.582760636","6.878571443","7.946235161","1.595714289","2.012459154","264","193","0.7311","9201","34.8523","37.95418084","52.8","33.38502658","39.4","27.36859514","0.76818","0.153103931","1840.2","1393.641762","52.8","30.77921377","39","32.83291032","0.7513","0.324698328","1840.2","1676.667695","34.63098","19.42395999","30.88971513","1","1","0","A"
"5","0","M","Local","25","41.89285725","1.67571429","1.220491704","25.53571436","1.021428574","0.777431669","67.25000015","2.690000006","3.09231305","27.28571442","1.091428577","2.84956137","15.78571433","0.631428573","1.072567014","5","6.714285731","1.342857146","0.748331477","0","","","","5","0","8.378571451","2.938971062","1.67571429","0.587794212","5.107142872","2.749768072","1.021428574","0.549953614","13.45000003","8.175985224","2.690000006","1.635197045","5.457142884","4.554791163","1.091428577","0.910958233","3.157142866","1.092086556","0.631428573","0.218417311","1","0","1.342857146","0.831030831","0","0","","","","","5","0","8.378571451","2.582673831","1.67571429","0.516534766","5.107142872","1.081854043","1.021428574","0.216370809","13.45000003","5.581108805","2.690000006","1.116221761","5.457142884","5.865429698","1.091428577","1.17308594","3.157142866","3.280243897","0.631428573","0.656048779","38","35","0.9211","1192","31.3684","18.55776338","9.5","10.23474475","8.75","8.954747344","0.972225","0.048107711","298","332.3845664","9.5","3.905124838","8.75","4.023369235","0.925","0.129903811","298","228.0866064","29.2639","10.79932542","11.34739147","1","1","0","A"
"5","0.2","M","Local","22","40.57142872","1.844155851","1.788392325","30.92857154","1.405844161","1.333957326","45.85714304","2.084415593","2.749906084","23.72857153","1.078571433","3.464545932","10.0714286","0.457792209","0.810889217","3","1.285714298","0.428571433","0.816496581","0","","","","4.4","1.624807681","8.114285743","1.834810777","2.122857148","0.858049251","6.185714307","1.198298104","1.72619048","0.913553771","9.171428609","4.405608673","2.087142864","0.485774034","4.745714305","5.27108711","0.862476194","0.8362238","2.014285719","1.308839649","0.537142858","0.427773331","0.6","0.489897949","0.428571433","0.34992711","0","0","","","","","4.4","1.2","8.114285743","6.486658226","1.660000006","1.034680275","6.185714307","4.665898879","1.2752381","0.704249493","9.171428609","8.633891476","1.949523818","1.351698691","4.745714305","2.987844772","0.96819048","0.528881283","2.014285719","1.790222884","0.411428573","0.33610548","7","7","1","144","20.5714","8.566665343","3.5","0.5","3.5","0.5","1","0","72","15","7","0","7","0","1","0","144","0","20.5714","0","8.566665343","2","1","1","A"
"5","0.2","M","Local","25","34.92857154","1.397142861","0.974474217","26.78571437","1.071428575","0.968710483","34.42857152","1.377142861","0.992773892","16.85714296","0.674285718","1.918332609","18.64285719","0.745714288","0.538144962","5","4.285714298","0.85714286","0.4","0","","","","5","0","6.985714307","2.769513322","1.397142861","0.553902664","5.357142875","1.969149822","1.071428575","0.393829964","6.885714304","3.041750292","1.377142861","0.608350058","3.371428591","3.325351012","0.674285718","0.665070202","3.728571439","1.486950028","0.745714288","0.297390006","1","0","0.85714286","0.221313332","0","0","","","","","5","0","6.985714307","0.515870575","1.397142861","0.103174115","5.357142875","0.781155606","1.071428575","0.156231121","6.885714304","1.035689654","1.377142861","0.207137931","3.371428591","2.332730734","0.674285718","0.466546147","3.728571439","0.706240404","0.745714288","0.141248081","78","65","0.8333","3818","48.9487","42.64459488","19.5","19.95620204","16.25","17.23912701","0.796325","0.084859483","954.5","1038.754422","15.6","6.829348432","13.4","6.468384652","0.84654","0.074319704","763.6","501.0599166","45.8524","21.25523647","32.65406344","1","1","0","F"
"5","0.2","M","Local","26","45.92857157","1.766483522","1.571872776","42.5000001","1.634615389","0.908742873","38.50000012","1.480769235","1.278665401","40.50000012","1.557692312","2.641904571","26.00000006","1.000000002","1.038461538","5","2.857142866","0.571428573","0.244948974","0","","","","5.2","0.4","9.185714313","2.179496269","1.778571434","0.461629761","8.500000021","2.753105828","1.664285718","0.594292578","7.700000024","1.425997654","1.497142861","0.332387769","8.100000024","2.900949866","1.591428576","0.61925564","5.200000012","1.969357077","1.021428574","0.417670896","1","0","0.571428573","0.216653583","0","0","","","","","5.2","0.4","9.185714313","2.330630122","1.770476196","0.461884143","8.500000021","2.489160176","1.65619048","0.537875219","7.700000024","3.218378358","1.488095243","0.650626771","8.100000024","8.409372815","1.579047623","1.693360653","5.200000012","3.729474445","1.010000002","0.753896004","20","14","0.7","595","29.75","18.79328337","4","3.633180425","3","2.607680962","0.79546","0.188511131","119","85.77645365","6.6667","2.624669291","4.6667","1.247219129","0.7639","0.167813647","198.3333","74.01501349","33.45833333","12.2313122","15.28232944","3","3","0","A"
"5","0.2","F","Local","26","88.57142881","3.406593416","3.175348837","75.71428591","2.91208792","2.907855103","64.64285733","2.486263743","2.697316769","62.14285734","2.390109898","3.364670254","27.00000009","1.038461542","1.447810017","5","2.357142866","0.471428573","0.244948974","0","","","","5.2","0.979795897","17.71428576","6.312281492","3.526938783","1.418737222","15.14285718","5.408232554","3.032040823","1.271793698","12.92857147","4.019340971","2.586122455","0.970317829","12.42857147","8.14060118","2.417959191","1.645201975","5.400000018","1.778327583","1.051632656","0.339445856","1","0.632455532","0.589285716","0.282910348","0","0","","","","","5.2","0.4","17.71428576","11.03500924","3.468571438","2.25570298","15.14285718","9.884640749","2.937142865","1.998481059","12.92857147","8.967287506","2.497142864","1.798670714","12.42857147","5.519538591","2.413333341","1.133607012","5.400000018","4.133881911","1.027619051","0.801904763","29","1","0.0345","0","0","0","9.6667","2.357022604","1","0","0.10896667","0.022674557","0","0","14.5","10.5","1","0","0.145","0.105","0","0","0","0","0","2","2","0","F"
"6","0.1667","M","Local","36","116.5714289","3.238095247","1.529733597","86.85714312","2.41269842","1.439293701","110.9285716","3.081349211","2.541742561","32.00000022","0.888888895","1.701658142","23.00000009","0.638888891","0.811757733","6","3.785714298","0.630952383","0.25","0","","","","6","0","19.42857148","8.860118472","3.238095247","1.476686412","14.47619052","8.341118767","2.41269842","1.390186461","18.48809526","11.31479197","3.081349211","1.885798662","5.333333371","3.986086911","0.888888895","0.664347819","3.833333348","1.490711967","0.638888891","0.248451994","1","0","0.630952383","0.27173124","0","0","","","","","6","0","19.42857148","3.194116618","3.238095247","0.53235277","14.47619052","1.777919499","2.41269842","0.296319916","18.48809526","6.387489983","3.081349211","1.064581664","5.333333371","4.292587113","0.888888895","0.715431186","3.833333348","2.731046831","0.638888891","0.455174472","119","88","0.7395","3899","32.7647","31.78835099","23.8","15.32840501","17.8","11.24988889","0.72858","0.131089182","779.8","548.0563475","23.8","37.44542696","17.6","28.30265005","0.85768","0.187888258","779.8","1111.232901","49.3596","39.15992079","36.94831226","2","1","1","F"
"6","0.1667","M","Local","35","80.21428597","2.291836742","0.879935063","70.42857167","2.012244905","1.054243127","62.50000018","1.785714291","1.526634287","31.00000018","0.885714291","1.319863939","26.07142869","0.744897962","0.926921611","6","2.142857149","0.357142858","0.11785113","0","","","","5.8333","1.462494065","13.36904766","4.822075139","2.379109983","0.777153563","11.73809528","3.984806682","2.098001706","0.689432788","10.4166667","3.866702537","1.907738099","0.822691038","5.166666696","3.236081296","0.873015877","0.567765483","4.345238114","1.263307818","0.783446715","0.243238235","1","0","0.357142858","0.147253771","0","0","","","","","5.8333","0.372677996","13.36904766","1.647723998","2.292460325","0.239915333","11.73809528","2.868034805","1.991269848","0.413666449","10.4166667","3.1843625","1.798809529","0.565233869","5.166666696","3.195890948","0.890476196","0.537765038","4.345238114","3.319294428","0.736904765","0.546018626","119","57","0.479","2257","18.9664","21.65696378","29.75","24.32462744","15","8.154753215","0.625175","0.174169492","564.25","468.6989306","23.8","26.58871941","12","14.46374779","0.77186","0.310164328","451.4","531.1073714","15.50598","7.910135463","14.3399298","2","2","0","F"
"6","0.1667","M","Local","35","76.50000022","2.185714292","1.002649551","66.92857163","1.912244904","0.988092369","64.57142873","1.844897964","1.462873884","54.00000013","1.542857147","3.057476617","23.00000009","0.65714286","0.803563492","6","6.571428597","1.095238099","0.471404521","0","","","","5.8333","0.372677996","12.75000004","3.682729887","2.197222228","0.639401955","11.15476194","3.361298443","1.936904767","0.646416868","10.76190479","3.804460871","1.849206354","0.635119008","9.000000022","6.480740678","1.544444448","1.077835046","3.833333348","1.312334625","0.655555558","0.211184194","1","0","1.095238099","0.433830165","0","0","","","","","5.8333","0.372677996","12.75000004","4.225318499","2.172619054","0.664030717","11.15476194","4.000088586","1.906746037","0.644047132","10.76190479","5.125411348","1.838095243","0.835869161","9.000000022","10.99907233","1.503174607","1.830758174","3.833333348","2.102665419","0.643253971","0.344197714","128","101","0.7891","5189","40.5391","36.11394778","21.3333","16.43843734","17.3333","14.85111294","0.84563333","0.149760349","864.8333","836.4160481","25.6","24.31131424","20.4","20.75186739","0.76224","0.165274446","1037.8","1027.060738","34.6021","12.16343467","22.65767632","1","1","0","A"
"6","0","M","Local","35","127.3571432","3.638775519","1.071333329","81.92857163","2.340816332","0.983952878","94.28571452","2.693877558","1.652456428","61.35714298","1.753061228","2.01555178","50.78571439","1.451020411","1.434701135","5","4.285714298","0.85714286","0","0","","","","5.8333","0.372677996","21.22619053","6.800287084","3.659920643","1.179309048","13.65476194","4.576153865","2.342460323","0.753093152","15.71428575","5.676062566","2.746825403","1.134411297","10.2261905","4.35819981","1.776587305","0.787696408","8.464285731","3.549875411","1.466269844","0.627627378","0.8333","0.372677996","0.85714286","0.285714281","0","0","","","","","5.8333","0.372677996","21.22619053","4.213764432","3.636904771","0.656518208","13.65476194","3.13538524","2.345634926","0.521768058","15.71428575","3.821484204","2.705555562","0.662539188","10.2261905","6.900706955","1.733730162","1.130806524","8.464285731","4.319263532","1.467857146","0.754482386","66","44","0.6667","1458","22.0909","25.68381596","11","10.86278049","7.6667","5.217491947","0.84721667","0.182680234","243","220.6150494","11","7.767453465","7.3333","6.649979114","0.80598333","0.34123815","243","255.6853535","23.40278333","14.64055499","10.07496632","2","2","0","F"
"6","0.3333","M","Local","36","85.81428588","2.383730163","0.894233067","62.00000013","1.722222226","0.473649803","60.07142869","1.668650797","1.116911941","25.92857149","0.720238097","0.783091964","18.5714286","0.515873017","0.549971941","5","7.285714298","1.45714286","0.489897949","0","","","","6","0.577350269","14.30238098","5.53108352","2.432879823","0.930333631","10.33333336","3.69308659","1.760317464","0.632562579","10.01190478","4.489484407","1.702891159","0.752781581","4.321428582","1.670446376","0.745124718","0.316475328","3.095238099","1.247900723","0.533049887","0.223142421","0.8333","0.372677996","1.45714286","0.70218318","0","0","","","","","6","0","14.30238098","2.140084183","2.383730163","0.356680697","10.33333336","1.036466611","1.722222226","0.172744435","10.01190478","3.33615952","1.668650797","0.556026587","4.321428582","2.891387052","0.720238097","0.481897842","3.095238099","2.50124686","0.515873017","0.416874477","42","39","0.9286","1360","32.381","17.53900738","8.4","7.964923101","7.8","6.881860214","0.97392","0.05216","272","259.0111967","14","8.640987598","13","7.788880964","0.95453333","0.064299577","453.3333","272.6613691","35.48483333","7.448867479","17.03918548","2","2","0","F"
"3","0","M","Global","18","65.28571448","3.626984138","1.474055462","57.00000018","3.166666677","1.39664501","46.35714298","2.575396832","1.767548697","65.85714298","3.658730166","3.045437794","56.50000009","3.138888894","3.873879766","5","3.285714298","0.65714286","0.244948974","6","0.571428597","0.095238099","0.745355992","3","0","10.88095241","4.67255455","3.626984138","1.557518183","9.50000003","3.785938854","3.166666677","1.261979618","7.726190497","3.168836496","2.575396832","1.056278832","10.9761905","4.169386826","3.658730166","1.389795609","9.416666682","4.066290939","3.138888894","1.355430313","0.8333","0.372677996","0.65714286","0.290671282","1","0","0.095238099","0.212958865","0.095238099","0.212958865","6","0","21.76190483","1.150766293","3.626984138","0.191794382","19.00000006","0.84112008","3.166666677","0.14018668","15.45238099","5.854335394","2.575396832","0.975722566","21.95238099","11.33313328","3.658730166","1.888855546","18.83333336","19.2085169","3.138888894","3.201419483","92","82","0.8913","4363","47.4239","38.09263129","18.4","18.13945975","16.6","15.43502511","0.95358","0.057751758","872.6","1213.142959","18.4","10.89219904","16.8","11.196428","0.81334","0.310985245","872.6","722.768732","41.96292","26.15794712","24.94751382","2","2","0","A"
"3","0.3333","M","Global","18","36.85714298","2.047619055","0.970236066","30.00000009","1.666666672","0.704920974","36.14285724","2.007936513","1.856960546","17.64285719","0.980158733","1.579429886","7.071428597","0.392857144","0.754103998","6","4.428571448","0.738095241","0.343592135","4","0.142857149","0.035714287","0.216506351","3","0.577350269","6.142857164","2.525044594","1.999007944","0.543575646","5.000000015","1.979056992","1.659722227","0.534902558","6.02380954","4.714766677","1.910714291","1.116040999","2.940476199","2.571566348","0.952380955","0.849308329","1.178571433","1.241124954","0.344246033","0.328235116","1","0","0.738095241","0.262984782","0.6667","0.471404521","0.035714287","0.06185896","0.035714287","0.06185896","6","0","12.28571433","3.687172108","2.047619055","0.614528685","10.00000003","1.578986167","1.666666672","0.263164361","12.04761908","3.318333629","2.007936513","0.553055605","5.880952398","4.378493103","0.980158733","0.729748851","2.357142866","2.612763018","0.392857144","0.435460503","93","43","0.4624","2511","27","27.98847689","23.25","23.41340428","11.5","12.59960317","0.702325","0.314918588","627.75","912.9817564","18.6","17.62498227","9.2","9.453041838","0.55866","0.199244579","502.2","738.1182561","21.38058","16.76840532","18.50156938","3","3","0","F"
"6","0.3333","F","Local","36","98.35714312","2.732142864","1.507440395","83.85714307","2.329365085","1.301708279","97.42857154","2.706349209","2.444878434","81.07142913","2.251984143","3.340357183","24.42857149","0.67857143","1.016833623","6","7.285714298","1.214285716","0.745355992","0","","","","6","0.577350269","16.39285719","8.100427202","2.735317468","1.32912488","13.97619051","6.456113787","2.34880953","1.100988819","16.23809526","8.527832222","2.759920638","1.511239329","13.51190486","11.01409244","2.243650809","1.810391221","4.071428582","2.312344853","0.678174605","0.378564979","1","0","1.214285716","0.84010851","0","0","","","","","6","0","16.39285719","2.749690774","2.732142864","0.458281796","13.97619051","3.454679042","2.329365085","0.57577984","16.23809526","7.498034514","2.706349209","1.249672419","13.51190486","5.847322874","2.251984143","0.974553812","4.071428582","4.386900729","0.67857143","0.731150122","145","93","0.6414","5424","37.4069","36.90743249","24.1667","19.28226013","16.3333","13.9483173","0.75723333","0.261318584","904","831.0942586","24.1667","16.38512198","15.6667","9.140872801","0.81231667","0.287580362","904","752.4838869","43.17705","17.91744935","25.98954006","1","1","0","A"
"6","0.3333","F","Local","35","75.71428597","2.163265313","1.134792978","63.92857167","1.826530619","1.023200262","63.78571439","1.822448983","1.058878883","18.42857167","0.526530619","1.810626231","18.07142869","0.516326534","0.829802042","6","5.571428597","0.928571433","0.372677996","0","","","","5.8333","0.687184271","12.61904766","5.020140782","2.186054428","0.829719583","10.65476195","3.84221459","1.840362818","0.622394405","10.6309524","5.467656368","1.859977327","0.926720171","3.071428612","1.725656787","0.51258504","0.257286421","3.011904781","0.636765659","0.522335604","0.124084201","1","0.577350269","1.114285719","0.47294129","0","0","","","","","5.8333","0.372677996","12.61904766","4.080330007","2.175396832","0.705497077","10.65476195","3.701998136","1.84801588","0.68060877","10.6309524","2.586074909","1.844047622","0.518540873","3.071428612","2.283853411","0.528571435","0.381943156","3.011904781","1.940622268","0.529761908","0.356199152","182","111","0.6099","5111","28.0824","58.40883588","30.3333","42.07796996","19.5","21.96777944","0.80365","0.215296019","851.8333","1045.003416","30.3333","39.52495695","19","17.8605711","0.8067","0.233708208","851.8333","1081.246259","28.27666667","35.2479866","26.13927376","1","1","0","F"
"6","0","M","Local","36","119.3928573","3.316468257","6.531175239","100.1785715","2.782738098","6.60119398","37.64285724","1.045634923","1.036003122","56.6071431","1.572420642","3.005845642","20.46428577","0.568452382","0.629918915","6","8.285714298","1.380952383","0.5","0","","","","6","0.577350269","19.89880954","15.13011053","3.322222226","2.515878019","16.69642859","14.77377233","2.778373019","2.459604709","6.27380954","2.167091765","1.065873019","0.428519981","9.434523849","7.71308456","1.573214292","1.284029196","3.410714295","1.606712893","0.562896827","0.259867995","1","0","1.380952383","0.663256581","0","0","","","","","6","0","19.89880954","19.46683487","3.316468257","3.244472479","16.69642859","20.22958942","2.782738098","3.371598236","6.27380954","3.385246277","1.045634923","0.564207713","9.434523849","7.7630847","1.572420642","1.29384745","3.410714295","1.30536407","0.568452382","0.217560678","73","62","0.8493","3606","49.3973","37.06999663","14.6","8.452218644","12.6","6.621178143","0.89718","0.087724396","721.2","307.8066926","14.6","13.60294086","12.4","14.13647764","0.65984","0.376143109","721.2","857.4330061","33.66638","17.97676246","14.34160333","1","0","1","A"
"3","0.3333","M","Global","16","37.07142869","2.316964293","1.767490718","28.78571439","1.799107149","1.885128891","40.2857143","2.517857144","2.957379541","10.57142869","0.660714293","2.105610066","12.0714286","0.754464287","1.056508844","5","4.571428597","0.914285719","0.4","5","0","0","0","2.6667","0.471404521","6.178571448","4.669292857","2.214285724","1.456862712","4.797619065","4.679237796","1.732142866","1.501853066","6.714285716","6.049680936","2.273809525","1.982527132","1.761904781","2.159722002","0.658730168","0.763102572","2.011904766","1.745946062","0.686507939","0.569841821","0.8333","0.372677996","0.914285719","0.171428561","0.8333","0.372677996","0","0","0","0","5.3333","0.471404521","12.3571429","0.477379447","2.341269848","0.276527796","9.595238129","1.599674006","1.825396831","0.404478581","13.42857143","6.062037557","2.630158731","1.289731135","3.523809562","2.622076208","0.657142865","0.514814551","4.023809532","1.496405377","0.782539684","0.329463556","61","44","0.7213","1678","27.5082","50.39080808","12.2","10.06777036","9.2","7.909487973","0.84638","0.16762721","335.6","315.9877213","15.25","7.395099729","11.5","9.604686356","0.64075","0.335922889","419.5","410.0643242","23.272","23.89807031","27.43759235","1","1","0","A"
"3","0","M","Global","12","17.57142878","1.464285731","0.595119036","13.42857164","1.119047637","0.640095479","15.57142878","1.297619065","1.037491633","17.78571451","1.482142876","1.492457891","4.357142925","0.363095244","0.431003351","3","1.714285731","0.571428577","0.471404521","3","1.928571463","0.642857154","0.23570226","3","0","4.392857194","1.360428312","1.464285731","0.453476104","3.35714291","0.457365992","1.119047637","0.152455331","3.892857194","0.996806093","1.297619065","0.332268698","4.446428627","1.73967432","1.482142876","0.57989144","1.089285731","0.282910345","0.363095244","0.094303448","0.75","0.433012702","0.571428577","0.420560043","0.75","0.433012702","0.642857154","0.267261237","0.642857154","0.267261237","4","0","5.857142925","1.461524701","1.464285731","0.365381175","4.476190547","0.992031742","1.119047637","0.248007935","5.190476259","2.686153301","1.297619065","0.671538325","5.928571502","3.166040064","1.482142876","0.791510016","1.452380975","1.195702826","0.363095244","0.298925707","10","8","0.8","191","19.1","15.03628944","5","0","4","1","0.8","0.2","95.5","37.5","5","1","4","0","0.83335","0.16665","95.5","29.5","21.125","10.125","11.31694512","0","0","0","A"
"6","0.1667","M","Local","30","38.0714287","1.269047623","1.336350752","25.35714296","0.845238099","1.339672431","60.71428588","2.023809529","2.011356646","21.28571439","0.709523813","2.899233615","22.85714293","0.761904764","1.436043949","5","7.571428597","1.514285719","1.6","0","","","","6","0","7.61428574","1.717615797","1.269047623","0.2862693","5.071428591","1.872464273","0.845238099","0.312077379","12.14285718","4.301874266","2.023809529","0.716979044","4.257142878","4.236286423","0.709523813","0.706047737","4.571428585","1.448433346","0.761904764","0.241405558","1","0","1.514285719","0.928461534","0","0","","","","","5","0","6.345238117","1.659038672","1.269047623","0.331807734","4.226190493","1.379155243","0.845238099","0.275831049","10.11904765","5.135852829","2.023809529","1.027170566","3.547619065","3.516159662","0.709523813","0.703231932","3.809523821","3.807142124","0.761904764","0.761428425","11","6","0.5455","138","12.5455","16.58785775","2.75","1.299038106","2.25","1.299038106","0.8125","0.207289049","34.5","35.21718331","11","0","6","0","0.5455","0","138","0","12.5455","0","16.58785775","0","0","0","F"
"5","0.2","F","Local","25","47.21428584","1.888571433","0.823650411","34.71428582","1.388571433","0.823650411","40.57142869","1.622857147","0.991160935","22.28571433","0.891428573","3.050508154","28.28571436","1.131428574","1.203993355","5","3.428571433","0.685714287","0.4","0","","","","5","0","9.442857167","3.395194662","1.888571433","0.679038932","6.942857164","2.318690682","1.388571433","0.463738136","8.114285737","2.524007168","1.622857147","0.504801434","4.457142866","6.328039317","0.891428573","1.265607863","5.657142872","1.767276223","1.131428574","0.353455245","1","0","0.685714287","0.408081624","0","0","","","","","5","0","9.442857167","0.527605292","1.888571433","0.105521058","6.942857164","0.483186702","1.388571433","0.09663734","8.114285737","0.635031736","1.622857147","0.127006347","4.457142866","7.501510065","0.891428573","1.500302013","5.657142872","3.670733681","1.131428574","0.734146736","11","9","0.8182","381","34.6364","19.00848006","5.5","0.5","4.5","1.5","0.8","0.2","190.5","78.5","5.5","0.5","4.5","0.5","0.83335","0.16665","190.5","27.5","35.38335","8.21665","16.63708126","0","0","0","F"
"5","0.2","M","Local","25","78.85714304","3.154285722","1.405133446","73.14285731","2.925714293","1.514727698","52.35714297","2.094285719","1.166190379","40.85714296","1.634285718","2.052900387","20.42857146","0.817142859","0.632455532","5","3.857142866","0.771428573","0","0","","","","5","0","15.77142861","6.834844663","3.154285722","1.366968933","14.62857146","6.876520211","2.925714293","1.375304042","10.47142859","4.367224849","2.094285719","0.87344497","8.171428591","5.835430136","1.634285718","1.167086027","4.085714293","2.180806809","0.817142859","0.436161362","1","0","0.771428573","0.279941683","0","0","","","","","5","0","15.77142861","2.08120844","3.154285722","0.416241688","14.62857146","3.598866039","2.925714293","0.719773208","10.47142859","1.466357416","2.094285719","0.293271483","8.171428591","3.052466387","1.634285718","0.610493277","4.085714293","0.906214374","0.817142859","0.181242875","138","106","0.7681","5732","41.5362","50.66759526","27.6","22.35710178","21.4","15.6792857","0.86138","0.11499672","1146.4","973.7750459","27.6","18.57525235","21.6","13.55876101","0.81734","0.137273284","1146.4","1003.929001","34.09236","19.98994159","31.76878494","0","0","0","A"
"5","0.4","M","Local","25","54.00000012","2.160000005","1.232882801","28.57142866","1.142857146","1.414213562","35.57142869","1.422857147","2.568735097","49.42857155","1.977142862","2.66653333","15.28571433","0.611428573","1.155162326","5","10.00000003","2.000000006","0.979795897","0","","","","5","0","10.80000002","3.979129196","2.160000005","0.795825839","5.714285731","4.068796137","1.142857146","0.813759227","7.114285737","4.063174593","1.422857147","0.812634919","9.88571431","9.850059561","1.977142862","1.970011912","3.057142866","1.250632487","0.611428573","0.250126497","1","0","2.000000006","0.847565538","0","0","","","","","5","0","10.80000002","4.228764478","2.160000005","0.845752896","5.714285731","2.285714287","1.142857146","0.457142857","7.114285737","4.456959711","1.422857147","0.891391942","9.88571431","3.14597249","1.977142862","0.629194498","3.057142866","3.475394571","0.611428573","0.695078914","2","1","0.5","18","9","0","2","0","1","0","0.5","0","18","0","2","0","1","0","0.5","0","18","0","9","0","0","0","0","0","F"
"5","0","M","Local","25","41.42857152","1.657142861","1.345139398","22.85714292","0.914285717","0.676313537","31.92857149","1.27714286","1.380434714","70.64285725","2.82571429","7.931809377","19.96428576","0.79857143","1.37113092","5","1.928571433","0.385714287","0.316227766","0","","","","5","0","8.285714304","3.037604432","1.657142861","0.607520886","4.571428584","1.343350959","0.914285717","0.268670192","6.385714298","2.664429319","1.27714286","0.532885864","14.12857145","20.58275481","2.82571429","4.116550962","3.992857152","2.550150052","0.79857143","0.51003001","1","0","0.385714287","0.345820526","0","0","","","","","5","0","8.285714304","4.797107981","1.657142861","0.959421596","4.571428584","2.046899104","0.914285717","0.409379821","6.385714298","4.153582183","1.27714286","0.830716437","14.12857145","15.74350531","2.82571429","3.148701062","3.992857152","3.673290253","0.79857143","0.734658051","4","4","1","76","19","6.670832032","2","0","2","0","1","0","38","9","4","0","4","0","1","0","76","0","19","0","6.670832032","0","0","0","A"
"6","0.1667","M","Local","29","71.25000022","2.456896559","1.536322028","57.71428593","1.990147791","1.446632894","54.64285728","1.884236458","2.059893905","48.71428588","1.679802961","2.92433311","27.81428579","0.959113303","1.292933322","6","10.8571429","1.809523816","0.687184271","4","0","0","0","4.8333","0.372677996","11.87500004","3.752082687","2.416666676","0.676182076","9.619047654","3.429480649","1.963095247","0.633321015","9.107142881","4.830238835","1.847619053","0.934983956","8.119047647","9.671972493","1.654761912","1.921493476","4.635714298","3.240619628","0.941428575","0.635917568","1","0","1.809523816","0.717453285","0.6667","0.471404521","0","0","0","0","5.8","0.4","14.25000004","5.087900842","2.428333341","0.786983251","11.54285719","3.967624104","1.970476198","0.612636402","10.92857146","4.998367087","1.848095243","0.797024513","9.742857176","6.367904254","1.650476196","1.038359955","5.562857158","4.866156355","0.96714286","0.818530293","65","60","0.9231","6176","95.0154","146.0396671","16.25","9.730750228","15.75","8.982622112","0.983875","0.027929319","1544","1560.601967","13","6.066300355","12.2","6.013318551","0.94666","0.10668","1235.2","1388.572418","75.20446","61.754318","69.46397866","0","0","0","F"
"7","0","M","Local","42","120.714286","2.874149667","0.619162077","100.9285717","2.403061231","0.682631961","72.35714294","1.722789118","1.044638618","55.50000036","1.32142858","2.714729496","28.78571434","0.685374151","0.70066376","6","7.571428597","1.261904766","0.5","0","","","","7","0","20.11904767","6.109080155","2.874149667","0.872725736","16.82142862","4.844477432","2.403061231","0.692068205","12.05952382","5.17375252","1.722789118","0.739107503","9.25000006","8.395187104","1.32142858","1.199312443","4.797619057","1.648239953","0.685374151","0.23546285","1","0","1.261904766","0.543462481","0","0","","","","","6","0","17.244898","2.156709359","2.874149667","0.35945156","14.41836739","1.708505805","2.403061231","0.284750968","10.33673471","2.853240779","1.722789118","0.47554013","7.92857148","6.716999053","1.32142858","1.119499842","4.112244906","3.086190716","0.685374151","0.514365119","144","137","0.9514","6542","45.4306","36.52637038","24","15.43804824","23","15.72683482","0.926","0.062163092","1090.3333","740.3991416","20.5714","14.50967306","19.7143","13.85346048","0.96711429","0.03170991","934.5714","671.5582853","42.4477","11.72783685","26.45356265","0","0","0","A"
"5","0","M","Local","27","54.14285728","2.00529101","1.535139391","45.21428579","1.674603177","2.215266893","43.8571429","1.624338626","1.605887658","40.85714298","1.513227518","2.643417167","20.21428579","0.748677252","1.018686855","6","3","0.5","0.5","0","","","","4.5","0.957427108","9.023809547","4.36468249","1.999206354","0.776236317","7.535714298","5.866100861","1.625198415","0.943103724","7.309523816","3.811383464","1.695238097","0.909848897","6.809523831","8.943764841","1.292460322","1.455110896","3.369047632","2.201737348","0.733531749","0.403867132","1","0.577350269","0.6","0.489897949","0","0","","","","","5.4","1.2","10.82857146","4.824596852","2.066666673","0.813352294","9.042857158","4.40306017","1.950000003","1.396188529","8.771428579","6.400637729","1.495238097","1.027667152","8.171428597","6.049725931","1.966666673","2.118892456","4.042857158","2.661747164","0.778571433","0.457465167","126","120","0.9524","3194","25.3492","15.49773023","21","12.54325848","20.1667","11.18654946","0.9757","0.034886005","532.3333","342.1839986","31.5","34.85326384","30","33.2565783","0.969675","0.032428951","798.5","731.3229451","33.459825","10.29285162","13.29666689","0","0","0","F"
"6","0.1667","M","Local","30","97.78571448","3.259523816","1.50932288","48.46428579","1.615476193","0.876744293","66.71428579","2.223809526","2.069353093","33.57142873","1.119047624","1.875648036","29.1071429","0.970238097","0.993905037","6","13.2857143","2.214285716","1.105541597","0","","","","5","0.577350269","16.29761908","7.330791483","3.222023816","1.261394342","8.077380965","3.95362231","1.58214286","0.656981083","11.11904763","5.775515191","2.214087304","1.052274647","5.595238122","4.250783562","1.064880958","0.745765871","4.851190483","2.490578894","0.957738097","0.439969542","1","0","2.214285716","1.269072185","0","0","","","","","6","0","19.5571429","4.10534744","3.259523816","0.684224573","9.692857158","2.411240687","1.615476193","0.401873448","13.34285716","7.673888942","2.223809526","1.27898149","6.714285746","6.996646456","1.119047624","1.166107743","5.821428579","3.87824914","0.970238097","0.646374857","46","40","0.8696","1440","31.3043","13.58846948","9.2","8.304215797","8","6.066300355","0.952","0.096","288","288.8868291","9.2","9.887365675","8","8.786353055","0.88036","0.122896617","288","295.5016074","29.51254","12.45073392","8.823688176","0","0","0","F"
"6","0.8333","F","Local","32","89.07142882","2.783482151","0.991664478","44.57142869","1.392857146","0.68962739","74.01428579","2.312946431","1.535004962","48.85714316","1.526785724","2.618295008","20.65714294","0.645535717","0.751814212","6","5.142857149","0.857142858","0.533593686","0","","","","5.3333","0.471404521","14.84523814","5.993110587","2.735714294","0.966681314","7.428571448","3.082482846","1.371825401","0.506806307","12.3357143","5.90493709","2.283809526","1.036374716","8.142857194","5.988651388","1.461904772","0.964944904","3.442857157","1.333503374","0.631349209","0.196244098","1","0","0.857142858","0.593330275","0","0","","","","","5.3333","1.490711985","14.84523814","4.509328346","2.807539689","0.370925628","7.428571448","2.550176739","1.460317464","0.416647769","12.3357143","5.411431282","2.333730161","0.721112112","8.142857194","7.023163853","1.634920643","1.210343486","3.442857157","2.162921946","0.684920637","0.371806552","138","121","0.8768","6309","45.7174","49.89525102","27.6","17.02468796","24.8","15.02531198","0.92614","0.0711421","1261.8","1078.913602","23","20.37972849","20.5","19.19852425","0.89328333","0.098692155","1051.5","911.0780702","49.30975","23.98417522","34.16763093","0","0","0","F"